date,n
2013-10-28,115
2013-10-29,117
2013-10-30,96
2013-10-31,91
2013-11-25,215
2013-11-26,254
2013-11-27,345
2013-11-28,240
2013-11-29,250
2013-11-30,62
2013-12-01,76
2013-12-02,141
2013-12-03,127
2013-12-04,146
2013-12-05,179
2013-12-06,36
2013-12-07,74
2013-12-08,39
2013-12-09,130
2013-12-10,145
2013-12-11,120
2013-12-12,136
2013-12-13,133
2013-12-14,66
2013-12-15,37
2013-12-16,129
2013-12-17,116
2013-12-18,131
2013-12-19,149
2013-12-20,121
2013-12-21,55
2013-12-22,56
2013-12-23,178
2013-12-24,62
2013-12-25,80
2013-12-26,39
2013-12-27,172
2013-12-28,82
2013-12-29,56
2013-12-30,153
2013-12-31,142
2014-01-01,46
2014-01-02,135
2014-01-03,90
2014-01-04,85
2014-01-05,40
2014-01-06,51
2014-01-07,136
2014-01-08,140
2014-01-09,160
2014-01-10,134
2014-01-11,61
2014-01-12,42
2014-01-13,183
2014-01-14,147
2014-01-15,109
2014-01-16,120
2014-01-17,112
2014-01-18,31
2014-01-19,91
2014-01-20,137
2014-01-21,156
2014-01-22,117
2014-01-23,161
2014-01-24,126
2014-01-25,29
2014-01-26,40
2014-01-27,156
2014-01-28,125
2014-01-29,151
2014-01-30,113
2014-01-31,101
2014-02-01,67
2014-02-02,56
2014-02-03,157
2014-02-04,114
2014-02-05,104
2014-02-06,115
2014-02-07,141
2014-02-08,42
2014-02-09,28
2014-02-10,159
2014-02-11,116
2014-02-12,115
2014-02-13,103
2014-02-14,136
2014-02-15,59
2014-02-16,74
2014-02-17,121
2014-02-18,126
2014-02-19,86
2014-02-20,124
2014-02-21,148
2014-02-22,25
2014-02-23,81
2014-02-24,123
2014-02-25,141
2014-02-26,110
2014-02-27,123
2014-02-28,131
2014-03-01,66
2014-03-02,78
2014-03-03,105
2014-03-04,112
2014-03-05,118
2014-03-06,123
2014-03-07,103
2014-03-08,28
2014-03-09,76
2014-03-10,133
2014-03-11,113
2014-03-12,108
2014-03-13,117
2014-03-14,160
2014-03-15,55
2014-03-16,54
2014-03-17,157
2014-03-18,130
2014-03-19,102
2014-03-20,108
2014-03-21,103
2014-03-22,61
2014-03-23,41
2014-03-24,144
2014-03-25,109
2014-03-26,108
2014-03-27,133
2014-03-28,121
2014-03-29,58
2014-03-30,55
2014-03-31,169
2014-04-01,121
2014-04-02,128
2014-04-03,116
2014-04-04,131
2014-04-05,40
2014-04-06,86
2014-04-07,174
2014-04-08,158
2014-04-09,133
2014-04-10,136
2014-04-11,141
2014-04-12,72
2014-04-13,52
2014-04-14,120
2014-04-15,134
2014-04-16,131
2014-04-17,131
2014-04-18,45
2014-04-19,151
2014-04-20,44
2014-04-21,89
2014-04-22,169
2014-04-23,129
2014-04-24,66
2014-04-25,152
2014-04-26,33
2014-04-27,35
2014-04-28,149
2014-04-29,120
2014-04-30,123
2014-05-01,51
2014-05-02,174
2014-05-03,61
2014-05-04,59
2014-05-05,166
2014-05-06,140
2014-05-07,100
2014-05-08,146
2014-05-09,74
2014-05-10,69
2014-05-11,71
2014-05-12,102
2014-05-13,104
2014-05-14,117
2014-05-15,149
2014-05-16,129
2014-05-17,46
2014-05-18,58
2014-05-19,130
2014-05-20,95
2014-05-21,161
2014-05-22,102
2014-05-23,147
2014-05-24,45
2014-05-25,87
2014-05-26,121
2014-05-27,109
2014-05-28,173
2014-05-29,54
2014-05-30,191
2014-05-31,64
2014-06-01,61
2014-06-02,147
2014-06-03,103
2014-06-04,139
2014-06-05,118
2014-06-06,156
2014-06-07,57
2014-06-08,50
2014-06-09,115
2014-06-10,164
2014-06-11,95
2014-06-12,139
2014-06-13,153
2014-06-14,27
2014-06-15,78
2014-06-16,155
2014-06-17,104
2014-06-18,132
2014-06-19,167
2014-06-20,22
2014-06-21,61
2014-06-22,47
2014-06-23,168
2014-06-24,211
2014-06-25,103
2014-06-26,136
2014-06-27,130
2014-06-28,62
2014-06-29,71
2014-06-30,125
2014-07-01,126
2014-07-02,169
2014-07-03,168
2014-07-04,111
2014-07-05,61
2014-07-06,61
2014-07-07,139
2014-07-08,121
2014-07-09,120
2014-07-10,157
2014-07-11,131
2014-07-12,98
2014-07-13,56
2014-07-14,158
2014-07-15,149
2014-07-16,114
2014-07-17,177
2014-07-18,140
2014-07-19,70
2014-07-20,56
2014-07-21,142
2014-07-22,91
2014-07-23,150
2014-07-24,125
2014-07-25,130
2014-07-26,56
2014-07-27,71
2014-07-28,151
2014-07-29,140
2014-07-30,135
2014-07-31,144
2014-08-01,141
2014-08-02,64
2014-08-03,57
2014-08-04,127
2014-08-05,170
2014-08-06,141
2014-08-07,131
2014-08-08,109
2014-08-09,56
2014-08-10,62
2014-08-11,185
2014-08-12,161
2014-08-13,139
2014-08-14,139
2014-08-15,130
2014-08-16,36
2014-08-17,84
2014-08-18,132
2014-08-19,170
2014-08-20,101
2014-08-21,166
2014-08-22,145
2014-08-23,51
2014-08-24,46
2014-08-25,162
2014-08-26,129
2014-08-27,151
2014-08-28,149
2014-08-29,155
2014-08-30,35
2014-08-31,96
2014-09-01,128
2014-09-02,180
2014-09-03,128
2014-09-04,124
2014-09-05,102
2014-09-06,71
2014-09-07,38
2014-09-08,161
2014-09-09,128
2014-09-10,143
2014-09-11,129
2014-09-12,147
2014-09-13,52
2014-09-14,49
2014-09-15,167
2014-09-16,138
2014-09-17,149
2014-09-18,135
2014-09-19,156
2014-09-20,40
2014-09-21,78
2014-09-22,150
2014-09-23,145
2014-09-24,131
2014-09-25,122
2014-09-26,144
2014-09-27,37
2014-09-28,93
2014-09-29,161
2014-09-30,134
2014-10-01,145
2014-10-02,119
2014-10-03,140
2014-10-04,46
2014-10-05,63
2014-10-06,178
2014-10-07,179
2014-10-08,130
2014-10-09,148
2014-10-10,139
2014-10-11,53
2014-10-12,33
2014-10-13,191
2014-10-14,173
2014-10-15,130
2014-10-16,155
2014-10-17,123
2014-10-18,66
2014-10-19,108
2014-10-20,156
2014-10-21,154
2014-10-22,98
2014-10-23,124
2014-10-24,153
2014-10-25,34
2014-10-26,74
2014-10-27,123
2014-10-28,145
2014-10-29,115
2014-10-30,123
2014-10-31,119
2014-11-01,38
2014-11-02,60
2014-11-03,120
2014-11-04,137
2014-11-05,127
2014-11-06,136
2014-11-07,103
2014-11-08,51
2014-11-09,50
2014-11-10,110
2014-11-11,128
2014-11-12,122
2014-11-13,105
2014-11-14,122
2014-11-15,47
2014-11-16,32
2014-11-17,120
2014-11-18,136
2014-11-19,124
2014-11-20,148
2014-11-21,113
2014-11-22,49
2014-11-23,56
2014-11-24,189
2014-11-25,151
2014-11-26,129
2014-11-27,102
2014-11-28,174
2014-11-29,49
2014-11-30,44
2014-12-01,151
2014-12-02,143
2014-12-03,108
2014-12-04,179
2014-12-05,114
2014-12-06,5
2014-12-07,52
2014-12-08,185
2014-12-09,135
2014-12-10,134
2014-12-11,138
2014-12-12,125
2014-12-13,32
2014-12-14,36
2014-12-15,176
2014-12-16,133
2014-12-17,142
2014-12-18,118
2014-12-19,144
2014-12-20,68
2014-12-21,61
2014-12-22,165
2014-12-23,204
2014-12-24,41
2014-12-25,61
2014-12-26,100
2014-12-27,98
2014-12-28,72
2014-12-29,87
2014-12-30,158
2014-12-31,129
2015-01-01,39
2015-01-02,140
2015-01-03,68
2015-01-04,53
2015-01-05,170
2015-01-06,80
2015-01-07,142
2015-01-08,129
2015-01-09,147
2015-01-10,49
2015-01-11,32
2015-01-12,171
2015-01-13,144
2015-01-14,122
2015-01-15,112
2015-01-16,122
2015-01-17,49
2015-01-18,39
2015-01-19,178
2015-01-20,170
2015-01-21,127
2015-01-22,119
2015-01-23,134
2015-01-24,93
2015-01-25,54
2015-01-26,176
2015-01-27,152
2015-01-28,139
2015-01-29,119
2015-01-30,134
2015-01-31,68
2015-02-01,66
2015-02-02,142
2015-02-03,147
2015-02-04,117
2015-02-05,141
2015-02-06,153
2015-02-07,40
2015-02-08,45
2015-02-09,156
2015-02-10,147
2015-02-11,112
2015-02-12,102
2015-02-13,160
2015-02-14,69
2015-02-15,59
2015-02-16,154
2015-02-17,158
2015-02-18,155
2015-02-19,125
2015-02-20,148
2015-02-21,42
2015-02-22,75
2015-02-23,160
2015-02-24,151
2015-02-25,136
2015-02-26,198
2015-02-27,144
2015-02-28,52
2015-03-01,41
2015-03-02,153
2015-03-03,130
2015-03-04,130
2015-03-05,146
2015-03-06,124
2015-03-07,37
2015-03-08,43
2015-03-09,168
2015-03-10,138
2015-03-11,136
2015-03-12,148
2015-03-13,135
2015-03-14,75
2015-03-15,50
2015-03-16,145
2015-03-17,129
2015-03-18,142
2015-03-19,128
2015-03-20,123
2015-03-21,33
2015-03-22,58
2015-03-23,158
2015-03-24,131
2015-03-25,146
2015-03-26,132
2015-03-27,158
2015-03-28,48
2015-03-29,80
2015-03-30,145
2015-03-31,165
2015-04-01,156
2015-04-02,159
2015-04-03,39
2015-04-04,116
2015-04-05,53
2015-04-06,75
2015-04-07,153
2015-04-08,147
2015-04-09,130
2015-04-10,161
2015-04-11,48
2015-04-12,85
2015-04-13,173
2015-04-14,123
2015-04-15,164
2015-04-16,128
2015-04-17,135
2015-04-18,66
2015-04-19,37
2015-04-20,155
2015-04-21,121
2015-04-22,137
2015-04-23,120
2015-04-24,157
2015-04-25,62
2015-04-26,70
2015-04-27,158
2015-04-28,164
2015-04-29,141
2015-04-30,150
2015-05-01,17
2015-05-02,129
2015-05-03,39
2015-05-04,167
2015-05-05,172
2015-05-06,135
2015-05-07,124
2015-05-08,140
2015-05-09,30
2015-05-10,50
2015-05-11,191
2015-05-12,164
2015-05-13,172
2015-05-14,38
2015-05-15,183
2015-05-16,64
2015-05-17,64
2015-05-18,153
2015-05-19,161
2015-05-20,137
2015-05-21,142
2015-05-22,120
2015-05-23,73
2015-05-24,62
2015-05-25,160
2015-05-26,152
2015-05-27,148
2015-05-28,146
2015-05-29,156
2015-05-30,54
2015-05-31,99
2015-06-01,127
2015-06-02,156
2015-06-03,127
2015-06-04,131
2015-06-05,130
2015-06-06,51
2015-06-07,45
2015-06-08,153
2015-06-09,175
2015-06-10,160
2015-06-11,148
2015-06-12,120
2015-06-13,61
2015-06-14,54
2015-06-15,162
2015-06-16,125
2015-06-17,154
2015-06-18,181
2015-06-19,35
2015-06-20,71
2015-06-21,58
2015-06-22,131
2015-06-23,153
2015-06-24,123
2015-06-25,129
2015-06-26,102
2015-06-27,29
2015-06-28,48
2015-06-29,149
2015-06-30,116
2015-07-01,109
2015-07-02,143
2015-07-03,141
2015-07-04,38
2015-07-05,45
2015-07-06,133
2015-07-07,134
2015-07-08,149
2015-07-09,153
2015-07-10,133
2015-07-11,32
2015-07-12,63
2015-07-13,152
2015-07-14,133
2015-07-15,122
2015-07-16,144
2015-07-17,186
2015-07-18,19
2015-07-19,45
2015-07-20,104
2015-07-21,110
2015-07-22,105
2015-07-23,114
2015-07-24,159
2015-07-25,37
2015-07-26,34
2015-07-27,144
2015-07-28,99
2015-07-29,148
2015-07-30,120
2015-07-31,79
2015-08-01,58
2015-08-02,54
2015-08-03,158
2015-08-04,150
2015-08-05,144
2015-08-06,117
2015-08-07,128
2015-08-08,28
2015-08-09,30
2015-08-10,138
2015-08-11,139
2015-08-12,136
2015-08-13,96
2015-08-14,141
2015-08-15,45
2015-08-16,83
2015-08-17,173
2015-08-18,134
2015-08-19,140
2015-08-20,141
2015-08-21,114
2015-08-22,51
2015-08-23,31
2015-08-24,108
2015-08-25,144
2015-08-26,115
2015-08-27,116
2015-08-28,133
2015-08-29,69
2015-08-30,43
2015-08-31,165
2015-09-01,125
2015-09-02,103
2015-09-03,114
2015-09-04,143
2015-09-05,44
2015-09-06,56
2015-09-07,155
2015-09-08,134
2015-09-09,116
2015-09-10,146
2015-09-11,121
2015-09-12,28
2015-09-13,54
2015-09-14,179
2015-09-15,123
2015-09-16,96
2015-09-17,125
2015-09-18,96
2015-09-19,36
2015-09-20,54
2015-09-21,143
2015-09-22,144
2015-09-23,126
2015-09-24,117
2015-09-25,117
2015-09-26,33
2015-09-27,54
2015-09-28,165
2015-09-29,108
2015-09-30,113
2015-10-01,129
2015-10-02,151
2015-10-03,71
2015-10-04,49
2015-10-05,116
2015-10-06,128
2015-10-07,130
2015-10-08,129
2015-10-09,146
2015-10-10,41
2015-10-11,30
2015-10-12,144
2015-10-13,136
2015-10-14,129
2015-10-15,107
2015-10-16,114
2015-10-17,56
2015-10-18,36
2015-10-19,143
2015-10-20,146
2015-10-21,118
2015-10-22,97
2015-10-23,127
2015-10-24,79
2015-10-25,34
2015-10-26,123
2015-10-27,115
2015-10-28,113
2015-10-29,128
2015-10-30,162
2015-10-31,49
2015-11-01,27
2015-11-02,138
2015-11-03,139
2015-11-04,95
2015-11-05,118
2015-11-06,121
2015-11-07,52
2015-11-08,28
2015-11-09,146
2015-11-10,135
2015-11-11,106
2015-11-12,124
2015-11-13,155
2015-11-14,42
2015-11-15,69
2015-11-16,127
2015-11-17,154
2015-11-18,96
2015-11-19,79
2015-11-20,133
2015-11-21,31
2015-11-22,47
2015-11-23,141
2015-11-24,158
2015-11-25,125
2015-11-26,100
2015-11-27,144
2015-11-28,42
2015-11-29,82
2015-11-30,135
2015-12-01,149
2015-12-02,143
2015-12-03,142
2015-12-04,147
2015-12-05,68
2015-12-06,73
2015-12-07,165
2015-12-08,124
2015-12-09,162
2015-12-10,93
2015-12-11,162
2015-12-12,43
2015-12-13,43
2015-12-14,154
2015-12-15,138
2015-12-16,111
2015-12-17,119
2015-12-18,99
2015-12-19,56
2015-12-20,75
2015-12-21,169
2015-12-22,127
2015-12-23,170
2015-12-24,31
2015-12-25,28
2015-12-26,91
2015-12-27,75
2015-12-28,156
2015-12-29,135
2015-12-30,105
2015-12-31,107
2016-01-01,39
2016-01-02,108
2016-01-03,35
2016-01-04,161
2016-01-05,134
2016-01-06,53
2016-01-07,118
2016-01-08,156
2016-01-09,64
2016-01-10,39
2016-01-11,122
2016-01-12,120
2016-01-13,121
2016-01-14,139
2016-01-15,129
2016-01-16,59
2016-01-17,30
2016-01-18,144
2016-01-19,128
2016-01-20,121
2016-01-21,115
2016-01-22,122
2016-01-23,39
2016-01-24,57
2016-01-25,167
2016-01-26,94
2016-01-27,119
2016-01-28,155
2016-01-29,117
2016-01-30,40
2016-01-31,65
2016-02-01,176
2016-02-02,125
2016-02-03,116
2016-02-04,113
2016-02-05,172
2016-02-06,42
2016-02-07,65
2016-02-08,144
2016-02-09,110
2016-02-10,108
2016-02-11,109
2016-02-12,129
2016-02-13,39
2016-02-14,44
2016-02-15,137
2016-02-16,142
2016-02-17,123
2016-02-18,97
2016-02-19,158
2016-02-20,62
2016-02-21,47
2016-02-22,149
2016-02-23,133
2016-02-24,113
2016-02-25,127
2016-02-26,148
2016-02-27,53
2016-02-28,58
2016-02-29,136
2016-03-01,86
2016-03-02,132
2016-03-03,121
2016-03-04,146
2016-03-05,28
2016-03-06,46
2016-03-07,120
2016-03-08,142
2016-03-09,123
2016-03-10,114
2016-03-11,120
2016-03-12,42
2016-03-13,42
2016-03-14,167
2016-03-15,147
2016-03-16,114
2016-03-17,100
2016-03-18,137
2016-03-19,56
2016-03-20,59
2016-03-21,165
2016-03-22,128
2016-03-23,126
2016-03-24,153
2016-03-25,47
2016-03-26,115
2016-03-27,30
2016-03-28,61
2016-03-29,179
2016-03-30,104
2016-03-31,112
2016-04-01,127
2016-04-02,65
2016-04-03,65
2016-04-04,129
2016-04-05,94
2016-04-06,102
2016-04-07,127
2016-04-08,135
2016-04-09,30
2016-04-10,40
2016-04-11,156
2016-04-12,129
2016-04-13,111
2016-04-14,121
2016-04-15,122
2016-04-16,40
2016-04-17,39
2016-04-18,171
2016-04-19,109
2016-04-20,140
2016-04-21,148
2016-04-22,110
2016-04-23,50
2016-04-24,48
2016-04-25,143
2016-04-26,128
2016-04-27,113
2016-04-28,98
2016-04-29,155
2016-04-30,67
2016-05-01,53
2016-05-02,141
2016-05-03,128
2016-05-04,163
2016-05-05,48
2016-05-06,162
2016-05-07,61
2016-05-08,45
2016-05-09,174
2016-05-10,130
2016-05-11,140
2016-05-12,117
2016-05-13,94
2016-05-14,39
2016-05-15,91
2016-05-16,118
2016-05-17,119
2016-05-18,127
2016-05-19,109
2016-05-20,122
2016-05-21,29
2016-05-22,46
2016-05-23,140
2016-05-24,108
2016-05-25,124
2016-05-26,150
2016-05-27,133
2016-05-28,20
2016-05-29,59
2016-05-30,123
2016-05-31,110
2016-06-01,121
2016-06-02,142
2016-06-03,102
2016-06-04,45
2016-06-05,32
2016-06-06,139
2016-06-07,120
2016-06-08,140
2016-06-09,107
2016-06-10,122
2016-06-11,44
2016-06-12,55
2016-06-13,131
2016-06-14,100
2016-06-15,127
2016-06-16,119
2016-06-17,123
2016-06-18,61
2016-06-19,35
2016-06-20,136
2016-06-21,132
2016-06-22,118
2016-06-23,160
2016-06-24,23
2016-06-25,87
2016-06-26,44
2016-06-27,152
2016-06-28,164
2016-06-29,146
2016-06-30,109
2016-07-01,122
2016-07-02,39
2016-07-03,52
2016-07-04,144
2016-07-05,133
2016-07-06,116
2016-07-07,118
2016-07-08,122
2016-07-09,28
2016-07-10,76
2016-07-11,120
2016-07-12,100
2016-07-13,102
2016-07-14,174
2016-07-15,98
2016-07-16,43
2016-07-17,68
2016-07-18,122
2016-07-19,166
2016-07-20,112
2016-07-21,125
2016-07-22,139
2016-07-23,48
2016-07-24,61
2016-07-25,138
2016-07-26,115
2016-07-27,107
2016-07-28,110
2016-07-29,147
2016-07-30,46
2016-07-31,58
2016-08-01,116
2016-08-02,95
2016-08-03,118
2016-08-04,139
2016-08-05,132
2016-08-06,43
2016-08-07,38
2016-08-08,139
2016-08-09,119
2016-08-10,80
2016-08-11,126
2016-08-12,126
2016-08-13,24
2016-08-14,23
2016-08-15,144
2016-08-16,111
2016-08-17,131
2016-08-18,99
2016-08-19,115
2016-08-20,34
2016-08-21,41
2016-08-22,132
2016-08-23,108
2016-08-24,119
2016-08-25,108
2016-08-26,139
2016-08-27,32
2016-08-28,29
2016-08-29,150
2016-08-30,119
2016-08-31,99
2016-09-01,105
2016-09-02,135
2016-09-03,57
2016-09-04,29
2016-09-05,127
2016-09-06,131
2016-09-07,103
2016-09-08,130
2016-09-09,120
2016-09-10,64
2016-09-11,48
2016-09-12,179
2016-09-13,127
2016-09-14,121
2016-09-15,121
2016-09-16,108
2016-09-17,34
2016-09-18,51
2016-09-19,130
2016-09-20,135
2016-09-21,96
2016-09-22,110
2016-09-23,104
2016-09-24,32
2016-09-25,26
2016-09-26,145
2016-09-27,123
2016-09-28,147
2016-09-29,98
2016-09-30,99
2016-10-01,62
2016-10-02,40
2016-10-03,136
2016-10-04,123
2016-10-05,118
2016-10-06,127
2016-10-07,132
2016-10-08,37
2016-10-09,65
2016-10-10,151
2016-10-11,140
2016-10-12,113
2016-10-13,117
2016-10-14,149
2016-10-15,24
2016-10-16,55
2016-10-17,147
2016-10-18,109
2016-10-19,104
2016-10-20,125
2016-10-21,111
2016-10-22,40
2016-10-23,45
2016-10-24,115
2016-10-25,144
2016-10-26,122
2016-10-27,117
2016-10-28,108
2016-10-29,20
2016-10-30,41
2016-10-31,139
2016-11-01,109
2016-11-02,124
2016-11-03,115
2016-11-04,122
2016-11-05,19
2016-11-06,59
2016-11-07,135
2016-11-08,122
2016-11-09,125
2016-11-10,127
2016-11-11,131
2016-11-12,40
2016-11-13,39
2016-11-14,125
2016-11-15,95
2016-11-16,126
2016-11-17,109
2016-11-18,151
2016-11-19,46
2016-11-20,34
2016-11-21,107
2016-11-22,112
2016-11-23,120
2016-11-24,123
2016-11-25,89
2016-11-26,30
2016-11-27,63
2016-11-28,166
2016-11-29,107
2016-11-30,147
2016-12-01,103
2016-12-02,134
2016-12-03,16
2016-12-04,35
2016-12-05,195
2016-12-06,48
2016-12-07,153
2016-12-08,125
2016-12-09,137
2016-12-10,36
2016-12-11,66
2016-12-12,157
2016-12-13,87
2016-12-14,120
2016-12-15,107
2016-12-16,115
2016-12-17,47
2016-12-18,47
2016-12-19,164
2016-12-20,123
2016-12-21,131
2016-12-22,128
2016-12-23,192
2016-12-24,39
2016-12-25,26
2016-12-26,72
2016-12-27,184
2016-12-28,162
2016-12-29,135
2016-12-30,138
2016-12-31,62
2017-01-01,51
2017-01-02,138
2017-01-03,105
2017-01-04,127
2017-01-05,136
2017-01-06,33
2017-01-07,53
2017-01-08,67
2017-01-09,144
2017-01-10,137
2017-01-11,148
2017-01-12,109
2017-01-13,150
2017-01-14,26
2017-01-15,77
2017-01-16,154
2017-01-17,114
2017-01-18,117
2017-01-19,125
2017-01-20,145
2017-01-21,51
2017-01-22,61
2017-01-23,152
2017-01-24,115
2017-01-25,123
2017-01-26,146
2017-01-27,146
2017-01-28,33
2017-01-29,55
2017-01-30,143
2017-01-31,105
2017-02-01,117
2017-02-02,88
2017-02-03,144
2017-02-04,44
2017-02-05,27
2017-02-06,151
2017-02-07,159
2017-02-08,125
2017-02-09,113
2017-02-10,138
2017-02-11,58
2017-02-12,54
2017-02-13,128
2017-02-14,113
2017-02-15,133
2017-02-16,109
2017-02-17,113
2017-02-18,50
2017-02-19,62
2017-02-20,138
2017-02-21,150
2017-02-22,115
2017-02-23,118
2017-02-24,138
2017-02-25,36
2017-02-26,37
2017-02-27,126
2017-02-28,147
2017-03-01,97
2017-03-02,95
2017-03-03,152
2017-03-04,51
2017-03-05,35
2017-03-06,124
2017-03-07,117
2017-03-08,106
2017-03-09,111
2017-03-10,135
2017-03-11,31
2017-03-12,66
2017-03-13,109
2017-03-14,122
2017-03-15,113
2017-03-16,138
2017-03-17,135
2017-03-18,47
2017-03-19,34
2017-03-20,145
2017-03-21,126
2017-03-22,120
2017-03-23,116
2017-03-24,144
2017-03-25,39
2017-03-26,51
2017-03-27,150
2017-03-28,93
2017-03-29,116
2017-03-30,138
2017-03-31,142
2017-04-01,48
2017-04-02,52
2017-04-03,147
2017-04-04,118
2017-04-05,117
2017-04-06,93
2017-04-07,114
2017-04-08,30
2017-04-09,42
2017-04-10,134
2017-04-11,110
2017-04-12,143
2017-04-13,151
2017-04-14,22
2017-04-15,91
2017-04-16,45
2017-04-17,50
2017-04-18,139
2017-04-19,145
2017-04-20,101
2017-04-21,125
2017-04-22,43
2017-04-23,36
2017-04-24,125
2017-04-25,89
2017-04-26,118
2017-04-27,105
2017-04-28,140
2017-04-29,49
2017-04-30,33
2017-05-01,57
2017-05-02,154
2017-05-03,146
2017-05-04,118
2017-05-05,137
2017-05-06,60
2017-05-07,43
2017-05-08,123
2017-05-09,132
2017-05-10,88
2017-05-11,123
2017-05-12,126
2017-05-13,46
2017-05-14,37
2017-05-15,164
2017-05-16,131
2017-05-17,88
2017-05-18,122
2017-05-19,152
2017-05-20,29
2017-05-21,52
2017-05-22,154
2017-05-23,121
2017-05-24,133
2017-05-25,21
2017-05-26,176
2017-05-27,44
2017-05-28,31
2017-05-29,129
2017-05-30,129
2017-05-31,112
2017-06-01,112
2017-06-02,124
2017-06-03,45
2017-06-04,20
2017-06-05,123
2017-06-06,143
2017-06-07,118
2017-06-08,105
2017-06-09,111
2017-06-10,68
2017-06-11,39
2017-06-12,135
2017-06-13,124
2017-06-14,103
2017-06-15,127
2017-06-16,133
2017-06-17,48
2017-06-18,49
2017-06-19,159
2017-06-20,110
2017-06-21,124
2017-06-22,134
2017-06-23,21
2017-06-24,111
2017-06-25,65
2017-06-26,147
2017-06-27,147
2017-06-28,115
2017-06-29,132
2017-06-30,119
2017-07-01,57
2017-07-02,45
2017-07-03,131
2017-07-04,107
2017-07-05,99
2017-07-06,100
2017-07-07,101
2017-07-08,51
2017-07-09,61
2017-07-10,133
2017-07-11,120
2017-07-12,122
2017-07-13,95
2017-07-14,124
2017-07-15,29
2017-07-16,70
2017-07-17,117
2017-07-18,133
2017-07-19,116
2017-07-20,101
2017-07-21,120
2017-07-22,39
2017-07-23,39
2017-07-24,129
2017-07-25,117
2017-07-26,103
2017-07-27,131
2017-07-28,116
2017-07-29,42
2017-07-30,46
2017-07-31,155
2017-08-01,136
2017-08-02,94
2017-08-03,129
2017-08-04,137
2017-08-05,34
2017-08-06,46
2017-08-07,149
2017-08-08,112
2017-08-09,143
2017-08-10,133
2017-08-11,124
2017-08-12,55
2017-08-13,78
2017-08-14,140
2017-08-15,159
2017-08-16,86
2017-08-17,91
2017-08-18,132
2017-08-19,69
2017-08-20,13
2017-08-21,128
2017-08-22,126
2017-08-23,131
2017-08-24,130
2017-08-25,165
2017-08-26,49
2017-08-27,47
2017-08-28,151
2017-08-29,142
2017-08-30,168
2017-08-31,127
2017-09-01,103
2017-09-02,32
2017-09-03,87
2017-09-04,178
2017-09-05,106
2017-09-06,122
2017-09-07,142
2017-09-08,92
2017-09-09,37
2017-09-10,55
2017-09-11,148
2017-09-12,122
2017-09-13,103
2017-09-14,146
2017-09-15,146
2017-09-16,35
2017-09-17,47
2017-09-18,128
2017-09-19,103
2017-09-20,101
2017-09-21,115
2017-09-22,135
2017-09-23,41
2017-09-24,42
2017-09-25,137
2017-09-26,122
2017-09-27,117
2017-09-28,120
2017-09-29,118
2017-09-30,38
2017-10-01,52
2017-10-02,157
2017-10-03,101
2017-10-04,124
2017-10-05,100
2017-10-06,138
2017-10-07,39
2017-10-08,56
2017-10-09,146
2017-10-10,132
2017-10-11,138
2017-10-12,123
2017-10-13,103
2017-10-14,57
2017-10-15,50
2017-10-16,140
2017-10-17,125
2017-10-18,114
2017-10-19,103
2017-10-20,125
2017-10-21,36
2017-10-22,62
2017-10-23,123
2017-10-24,108
2017-10-25,119
2017-10-26,135
2017-10-27,79
2017-10-28,54
2017-10-29,49
2017-10-30,136
2017-10-31,112
2017-11-01,137
2017-11-02,112
2017-11-03,147
2017-11-04,43
2017-11-05,39
2017-11-06,151
2017-11-07,132
2017-11-08,107
2017-11-09,126
2017-11-10,124
2017-11-11,48
2017-11-12,40
2017-11-13,112
2017-11-14,125
2017-11-15,120
2017-11-16,112
2017-11-17,112
2017-11-18,56
2017-11-19,19
2017-11-20,128
2017-11-21,131
2017-11-22,106
2017-11-23,132
2017-11-24,157
2017-11-25,20
2017-11-26,40
2017-11-27,125
2017-11-28,122
2017-11-29,109
2017-11-30,129
2017-12-01,99
2017-12-02,61
2017-12-03,40
2017-12-04,157
2017-12-05,161
2017-12-06,38
2017-12-07,122
2017-12-08,114
2017-12-09,36
2017-12-10,72
2017-12-11,131
2017-12-12,126
2017-12-13,143
2017-12-14,134
2017-12-15,102
2017-12-16,34
2017-12-17,69
2017-12-18,151
2017-12-19,123
2017-12-20,99
2017-12-21,137
2017-12-22,190
2017-12-23,67
2017-12-24,37
2017-12-25,47
2017-12-26,92
2017-12-27,144
2017-12-28,135
2017-12-29,150
2017-12-30,65
2017-12-31,37
2018-01-01,49
2018-01-02,122
2018-01-03,142
2018-01-04,123
2018-01-05,126
2018-01-06,34
2018-01-07,54
2018-01-08,151
2018-01-09,99
2018-01-10,92
2018-01-11,138
2018-01-12,134
2018-01-13,38
2018-01-14,56
2018-01-15,126
2018-01-16,151
2018-01-17,148
2018-01-18,103
2018-01-19,104
2018-01-20,75
2018-01-21,62
2018-01-22,137
2018-01-23,148
2018-01-24,129
2018-01-25,98
2018-01-26,124
2018-01-27,41
2018-01-28,66
2018-01-29,137
2018-01-30,122
2018-01-31,110
2018-02-01,126
2018-02-02,132
2018-02-03,44
2018-02-04,49
2018-02-05,119
2018-02-06,126
2018-02-07,119
2018-02-08,123
2018-02-09,119
2018-02-10,29
2018-02-11,41
2018-02-12,154
2018-02-13,141
2018-02-14,135
2018-02-15,93
2018-02-16,120
2018-02-17,34
2018-02-18,24
2018-02-19,140
2018-02-20,110
2018-02-21,109
2018-02-22,119
2018-02-23,129
2018-02-24,18
2018-02-25,17
2018-02-26,127
2018-02-27,148
2018-02-28,135
2018-03-01,132
2018-03-02,116
2018-03-03,39
2018-03-04,57
2018-03-05,111
2018-03-06,144
2018-03-07,104
2018-03-08,125
2018-03-09,96
2018-03-10,23
2018-03-11,62
2018-03-12,88
2018-03-13,113
2018-03-14,159
2018-03-15,131
2018-03-16,112
2018-03-17,59
2018-03-18,57
2018-03-19,123
2018-03-20,117
2018-03-21,131
2018-03-22,122
2018-03-23,163
2018-03-24,44
2018-03-25,62
2018-03-26,108
2018-03-27,109
2018-03-28,106
2018-03-29,147
2018-03-30,64
2018-03-31,90
2018-04-01,83
2018-04-02,58
2018-04-03,142
2018-04-04,137
2018-04-05,94
2018-04-06,124
2018-04-07,53
2018-04-08,31
2018-04-09,122
2018-04-10,125
2018-04-11,134
2018-04-12,98
2018-04-13,115
2018-04-14,77
2018-04-15,28
2018-04-16,141
2018-04-17,140
2018-04-18,118
2018-04-19,135
2018-04-20,139
2018-04-21,46
2018-04-22,48
2018-04-23,146
2018-04-24,114
2018-04-25,120
2018-04-26,127
2018-04-27,133
2018-04-28,36
2018-04-29,30
2018-04-30,193
2018-05-01,56
2018-05-02,140
2018-05-03,106
2018-05-04,138
2018-05-05,42
2018-05-06,22
2018-05-07,148
2018-05-08,114
2018-05-09,119
2018-05-10,29
2018-05-11,172
2018-05-12,44
2018-05-13,30
2018-05-14,147
2018-05-15,124
2018-05-16,85
2018-05-17,114
2018-05-18,99
2018-05-19,36
2018-05-20,48
2018-05-21,136
2018-05-22,120
2018-05-23,115
2018-05-24,128
2018-05-25,92
2018-05-26,57
2018-05-27,52
2018-05-28,119
2018-05-29,119
2018-05-30,121
2018-05-31,107
2018-06-01,117
2018-06-02,32
2018-06-03,36
2018-06-04,127
2018-06-05,116
2018-06-06,118
2018-06-07,113
2018-06-08,109
2018-06-09,40
2018-06-10,26
2018-06-11,151
2018-06-12,137
2018-06-13,130
2018-06-14,77
2018-06-15,119
2018-06-16,43
2018-06-17,37
2018-06-18,135
2018-06-19,110
2018-06-20,153
2018-06-21,161
2018-06-22,34
2018-06-23,59
2018-06-24,38
2018-06-25,94
2018-06-26,144
2018-06-27,110
2018-06-28,115
2018-06-29,117
2018-06-30,58
2018-07-01,38
2018-07-02,105
2018-07-03,108
2018-07-04,113
2018-07-05,131
2018-07-06,123
2018-07-07,54
2018-07-08,38
2018-07-09,115
2018-07-10,80
2018-07-11,109
2018-07-12,103
2018-07-13,118
2018-07-14,62
2018-07-15,31
2018-07-16,115
2018-07-17,111
2018-07-18,111
2018-07-19,98
2018-07-20,114
2018-07-21,66
2018-07-22,54
2018-07-23,119
2018-07-24,125
2018-07-25,123
2018-07-26,112
2018-07-27,97
2018-07-28,44
2018-07-29,34
2018-07-30,153
2018-07-31,136
2018-08-01,82
2018-08-02,102
2018-08-03,118
2018-08-04,56
2018-08-05,51
2018-08-06,133
2018-08-07,133
2018-08-08,117
2018-08-09,138
2018-08-10,130
2018-08-11,36
2018-08-12,90
2018-08-13,161
2018-08-14,142
2018-08-15,107
2018-08-16,120
2018-08-17,135
2018-08-18,86
2018-08-19,46
2018-08-20,144
2018-08-21,132
2018-08-22,106
2018-08-23,111
2018-08-24,122
2018-08-25,55
2018-08-26,43
2018-08-27,132
2018-08-28,106
2018-08-29,152
2018-08-30,111
2018-08-31,120
2018-09-01,43
2018-09-02,54
2018-09-03,111
2018-09-04,116
2018-09-05,139
2018-09-06,122
2018-09-07,97
2018-09-08,60
2018-09-09,21
2018-09-10,143
2018-09-11,131
2018-09-12,137
2018-09-13,107
2018-09-14,74
2018-09-15,58
2018-09-16,26
2018-09-17,122
2018-09-18,128
2018-09-19,125
2018-09-20,104
2018-09-21,123
2018-09-22,58
2018-09-23,18
2018-09-24,129
2018-09-25,137
2018-09-26,126
2018-09-27,102
2018-09-28,125
2018-09-29,22
2018-09-30,52
2018-10-01,149
2018-10-02,135
2018-10-03,121
2018-10-04,109
2018-10-05,145
2018-10-06,46
2018-10-07,30
2018-10-08,146
2018-10-09,110
2018-10-10,100
2018-10-11,142
2018-10-12,114
2018-10-13,51
2018-10-14,55
2018-10-15,145
2018-10-16,124
2018-10-17,136
2018-10-18,112
2018-10-19,99
2018-10-20,41
2018-10-21,45
2018-10-22,156
2018-10-23,144
2018-10-24,104
2018-10-25,125
2018-10-26,123
2018-10-27,36
2018-10-28,49
2018-10-29,161
2018-10-30,138
2018-10-31,108
2018-11-01,110
2018-11-02,128
2018-11-03,21
2018-11-04,54
2018-11-05,123
2018-11-06,101
2018-11-07,129
2018-11-08,126
2018-11-09,115
2018-11-10,43
2018-11-11,74
2018-11-12,141
2018-11-13,122
2018-11-14,114
2018-11-15,99
2018-11-16,137
2018-11-17,33
2018-11-18,54
2018-11-19,142
2018-11-20,108
2018-11-21,132
2018-11-22,112
2018-11-23,118
2018-11-24,36
2018-11-25,51
2018-11-26,165
2018-11-27,138
2018-11-28,121
2018-11-29,106
2018-11-30,134
2018-12-01,38
2018-12-02,36
2018-12-03,134
2018-12-04,122
2018-12-05,157
2018-12-06,55
2018-12-07,165
2018-12-08,48
2018-12-09,52
2018-12-10,139
2018-12-11,118
2018-12-12,130
2018-12-13,84
2018-12-14,133
2018-12-15,57
2018-12-16,47
2018-12-17,121
2018-12-18,116
2018-12-19,113
2018-12-20,136
2018-12-21,147
2018-12-22,39
2018-12-23,136
2018-12-24,59
2018-12-25,62
2018-12-26,90
2018-12-27,146
2018-12-28,138
2018-12-29,60
2018-12-30,53
2018-12-31,116
2019-01-01,59
2019-01-02,123
2019-01-03,126
2019-01-04,119
2019-01-05,47
2019-01-06,47
2019-01-07,113
2019-01-08,114
2019-01-09,130
2019-01-10,104
2019-01-11,132
2019-01-12,40
2019-01-13,51
2019-01-14,149
2019-01-15,119
2019-01-16,143
2019-01-17,100
2019-01-18,123
2019-01-19,31
2019-01-20,60
2019-01-21,157
2019-01-22,130
2019-01-23,91
2019-01-24,90
2019-01-25,146
2019-01-26,52
2019-01-27,37
2019-01-28,113
2019-01-29,145
2019-01-30,119
2019-01-31,155
2019-02-01,114
2019-02-02,45
2019-02-03,22
2019-02-04,134
2019-02-05,121
2019-02-06,101
2019-02-07,113
2019-02-08,160
2019-02-09,32
2019-02-10,48
2019-02-11,143
2019-02-12,108
2019-02-13,112
2019-02-14,87
2019-02-15,79
2019-02-16,49
2019-02-17,39
2019-02-18,133
2019-02-19,119
2019-02-20,107
2019-02-21,100
2019-02-22,92
2019-02-23,39
2019-02-24,49
2019-02-25,97
2019-02-26,122
2019-02-27,98
2019-02-28,112
2019-03-01,104
2019-03-02,62
2019-03-03,38
2019-03-04,114
2019-03-05,119
2019-03-06,112
2019-03-07,112
2019-03-08,151
2019-03-09,34
2019-03-10,37
2019-03-11,126
2019-03-12,155
2019-03-13,110
2019-03-14,112
2019-03-15,121
2019-03-16,18
2019-03-17,33
2019-03-18,127
2019-03-19,87
2019-03-20,117
2019-03-21,85
2019-03-22,112
2019-03-23,46
2019-03-24,16
2019-03-25,118
2019-03-26,159
2019-03-27,105
2019-03-28,99
2019-03-29,93
2019-03-30,28
2019-03-31,51
2019-04-01,128
2019-04-02,113
2019-04-03,123
2019-04-04,114
2019-04-05,115
2019-04-06,14
2019-04-07,52
2019-04-08,121
2019-04-09,104
2019-04-10,142
2019-04-11,83
2019-04-12,132
2019-04-13,39
2019-04-14,48
2019-04-15,140
2019-04-16,94
2019-04-17,133
2019-04-18,153
2019-04-19,56
2019-04-20,110
2019-04-21,41
2019-04-22,67
2019-04-23,133
2019-04-24,130
2019-04-25,95
2019-04-26,122
2019-04-27,67
2019-04-28,40
2019-04-29,104
2019-04-30,177
2019-05-01,21
2019-05-02,111
2019-05-03,91
2019-05-04,56
2019-05-05,61
2019-05-06,116
2019-05-07,113
2019-05-08,97
2019-05-09,116
2019-05-10,113
2019-05-11,44
2019-05-12,62
2019-05-13,120
2019-05-14,127
2019-05-15,117
2019-05-16,128
2019-05-17,163
2019-05-18,53
2019-05-19,45
2019-05-20,150
2019-05-21,116
2019-05-22,96
2019-05-23,90
2019-05-24,110
2019-05-25,26
2019-05-26,58
2019-05-27,147
2019-05-28,122
2019-05-29,136
2019-05-30,49
2019-05-31,138
2019-06-01,48
2019-06-02,48
2019-06-03,112
2019-06-04,129
2019-06-05,142
2019-06-06,120
2019-06-07,133
2019-06-08,18
2019-06-09,39
2019-06-10,121
2019-06-11,112
2019-06-12,115
2019-06-13,108
2019-06-14,156
2019-06-15,42
2019-06-16,28
2019-06-17,123
2019-06-18,88
2019-06-19,154
2019-06-20,137
2019-06-21,13
2019-06-22,47
2019-06-23,47
2019-06-24,130
2019-06-25,140
2019-06-26,83
2019-06-27,120
2019-06-28,114
2019-06-29,23
2019-06-30,46
2019-07-01,116
2019-07-02,110
2019-07-03,95
2019-07-04,71
2019-07-05,113
2019-07-06,39
2019-07-07,76
2019-07-08,123
2019-07-09,119
2019-07-10,110
2019-07-11,152
2019-07-12,138
2019-07-13,55
2019-07-14,36
2019-07-15,121
2019-07-16,101
2019-07-17,114
2019-07-18,123
2019-07-19,132
2019-07-20,39
2019-07-21,41
2019-07-22,134
2019-07-23,111
2019-07-24,105
2019-07-25,79
2019-07-26,119
2019-07-27,37
2019-07-28,31
2019-07-29,125
2019-07-30,109
2019-07-31,89
2019-08-01,80
2019-08-02,116
2019-08-03,46
2019-08-04,28
2019-08-05,131
2019-08-06,109
2019-08-07,100
2019-08-08,96
2019-08-09,117
2019-08-10,44
2019-08-11,48
2019-08-12,141
2019-08-13,105
2019-08-14,122
2019-08-15,85
2019-08-16,117
2019-08-17,39
2019-08-18,41
2019-08-19,133
2019-08-20,113
2019-08-21,122
2019-08-22,99
2019-08-23,96
2019-08-24,18
2019-08-25,44
2019-08-26,162
2019-08-27,115
2019-08-28,92
2019-08-29,144
2019-08-30,122
2019-08-31,38
2019-09-01,33
2019-09-02,142
2019-09-03,130
2019-09-04,112
2019-09-05,90
2019-09-06,133
2019-09-07,39
2019-09-08,38
2019-09-09,141
2019-09-10,111
2019-09-11,103
2019-09-12,99
2019-09-13,100
2019-09-14,40
2019-09-15,43
2019-09-16,138
2019-09-17,147
2019-09-18,108
2019-09-19,99
2019-09-20,118
2019-09-21,29
2019-09-22,50
2019-09-23,153
2019-09-24,120
2019-09-25,94
2019-09-26,110
2019-09-27,136
2019-09-28,39
2019-09-29,48
2019-09-30,114
2019-10-01,110
2019-10-02,108
2019-10-03,109
2019-10-04,103
2019-10-05,18
2019-10-06,47
2019-10-07,149
2019-10-08,111
2019-10-09,96
2019-10-10,110
2019-10-11,97
2019-10-12,26
2019-10-13,24
2019-10-14,170
2019-10-15,133
2019-10-16,107
2019-10-17,143
2019-10-18,93
2019-10-19,50
2019-10-20,31
2019-10-21,139
2019-10-22,119
2019-10-23,110
2019-10-24,71
2019-10-25,102
2019-10-26,30
2019-10-27,18
2019-10-28,123
2019-10-29,129
2019-10-30,87
2019-10-31,80
2019-11-01,150
2019-11-02,16
2019-11-03,29
2019-11-04,122
2019-11-05,129
2019-11-06,146
2019-11-07,125
2019-11-08,121
2019-11-09,36
2019-11-10,38
2019-11-11,108
2019-11-12,110
2019-11-13,153
2019-11-14,98
2019-11-15,138
2019-11-16,35
2019-11-17,32
2019-11-18,128
2019-11-19,95
2019-11-20,134
2019-11-21,103
2019-11-22,140
2019-11-23,20
2019-11-24,17
2019-11-25,121
2019-11-26,127
2019-11-27,124
2019-11-28,104
2019-11-29,139
2019-11-30,35
2019-12-01,31
2019-12-02,158
2019-12-03,147
2019-12-04,106
2019-12-05,159
2019-12-06,17
2019-12-07,39
2019-12-08,53
2019-12-09,149
2019-12-10,153
2019-12-11,110
2019-12-12,124
2019-12-13,116
2019-12-14,42
2019-12-15,43
2019-12-16,123
2019-12-17,103
2019-12-18,118
2019-12-19,121
2019-12-20,90
2019-12-21,46
2019-12-22,49
2019-12-23,163
2019-12-24,28
2019-12-25,104
2019-12-26,52
2019-12-27,142
2019-12-28,64
2019-12-29,70
2019-12-30,131
2019-12-31,111
2020-01-01,49
2020-01-02,108
2020-01-03,133
2020-01-04,52
2020-01-05,81
2020-01-06,51
2020-01-07,114
2020-01-08,156
2020-01-09,119
2020-01-10,97
2020-01-11,26
2020-01-12,33
2020-01-13,120
2020-01-14,134
2020-01-15,144
2020-01-16,114
2020-01-17,85
2020-01-18,37
2020-01-19,29
2020-01-20,129
2020-01-21,126
2020-01-22,122
2020-01-23,92
2020-01-24,111
2020-01-25,43
2020-01-26,49
2020-01-27,145
2020-01-28,111
2020-01-29,144
2020-01-30,104
2020-01-31,105
2020-02-01,39
2020-02-02,46
2020-02-03,153
2020-02-04,126
2020-02-05,142
2020-02-06,99
2020-02-07,132
2020-02-08,49
2020-02-09,36
2020-02-10,119
2020-02-11,79
2020-02-12,143
2020-02-13,132
2020-02-14,123
2020-02-15,39
2020-02-16,32
2020-02-17,145
2020-02-18,125
2020-02-19,132
2020-02-20,105
2020-02-21,117
2020-02-22,47
2020-02-23,21
2020-02-24,106
2020-02-25,122
2020-02-26,120
2020-02-27,106
2020-02-28,131
2020-02-29,37
