date,n,predicted,m,err_p10,p10,prob_p10,err_p25,p25,prob_p25,err_p50,p50,prob_p50,err_p75,p75,prob_p75,err_p90,p90,prob_p90
2019-03-02,62,39.0,6,-12.577437281608582,26.42256271839142,0.1,-7.062827229499817,31.937172770500183,0.25,-1.4234553575515747,37.576544642448425,0.5,4.852196931838989,43.85219693183899,0.75,12.071358370780946,51.07135837078094,0.9
2019-03-03,38,45.0,8,-14.928674221038818,30.07132577896118,0.1,-8.647603213787079,36.35239678621292,0.25,-1.8011667728424072,43.19883322715759,0.5,5.40323406457901,50.40323406457901,0.75,13.362935876846334,58.362935876846336,0.9
2019-03-04,114,124.0,15,-21.55016417503357,102.44983582496643,0.1,-12.531272053718567,111.46872794628143,0.25,-2.749756097793579,121.25024390220642,0.5,7.629324555397034,131.62932455539703,0.75,18.630742168426533,142.63074216842654,0.9
2019-03-05,119,136.0,18,-24.29875557422638,111.70124442577362,0.1,-14.413295209407806,121.5867047905922,0.25,-3.284786581993103,132.7152134180069,0.5,8.272472083568573,144.27247208356857,0.75,19.812892985343936,155.81289298534392,0.9
2019-03-06,112,117.0,15,-21.651837325096132,95.34816267490388,0.1,-12.702958106994629,104.29704189300537,0.25,-2.7861591577529907,114.21384084224701,0.5,7.921751320362091,124.92175132036209,0.75,18.88967030048374,135.88967030048374,0.9
2019-03-07,112,128.0,16,-22.484097266197203,105.51590273380279,0.1,-13.140945672988892,114.85905432701111,0.25,-2.9365031719207764,125.06349682807922,0.5,8.00398564338684,136.00398564338684,0.75,19.165832829475423,147.16583282947542,0.9
2019-03-08,151,134.0,19,-24.791168904304506,109.2088310956955,0.1,-14.816198468208313,119.18380153179169,0.25,-3.2614394426345825,130.73856055736542,0.5,8.625962138175964,142.62596213817596,0.75,20.619200158119202,154.6192001581192,0.9
2019-03-09,34,56.0,8,-15.271617650985718,40.72838234901428,0.1,-8.538748741149902,47.4612512588501,0.25,-1.825042963027954,54.174957036972046,0.5,5.690553188323975,61.690553188323975,0.75,13.806440019607551,69.80644001960755,0.9
2019-03-10,37,46.0,9,-16.03716742992401,29.96283257007599,0.1,-9.392303705215454,36.607696294784546,0.25,-2.014747977256775,43.985252022743225,0.5,6.033687949180603,52.0336879491806,0.75,14.42360179424286,60.423601794242856,0.9
2019-03-11,126,151.0,19,-24.647580337524413,126.35241966247558,0.1,-14.650987327098846,136.34901267290115,0.25,-3.402107357978821,147.59789264202118,0.5,8.32074224948883,159.32074224948883,0.75,20.233223056793214,171.2332230567932,0.9
2019-03-12,155,140.0,19,-24.78270082473755,115.21729917526245,0.1,-14.467549204826355,125.53245079517365,0.25,-3.0917333364486694,136.90826666355133,0.5,8.68217021226883,148.68217021226883,0.75,20.183181357383734,160.18318135738375,0.9
2019-03-13,110,133.0,19,-24.5290137052536,108.4709862947464,0.1,-14.653751611709595,118.3462483882904,0.25,-3.3889122009277344,129.61108779907227,0.5,8.447244882583618,141.44724488258362,0.75,20.1722744226456,153.17227442264561,0.9
2019-03-14,112,121.0,16,-22.229585003852844,98.77041499614715,0.1,-13.0762300491333,107.9237699508667,0.25,-2.9189599752426147,118.08104002475739,0.5,8.25554358959198,129.25554358959198,0.75,18.88764138221741,139.8876413822174,0.9
2019-03-15,121,131.0,16,-22.155652403831482,108.84434759616852,0.1,-13.178636312484741,117.82136368751526,0.25,-2.9017611742019653,128.09823882579803,0.5,7.909694194793701,138.9096941947937,0.75,19.03480281829835,150.03480281829835,0.9
2019-03-16,18,39.0,6,-12.575086903572082,26.424913096427918,0.1,-7.073999881744385,31.926000118255615,0.25,-1.397950530052185,37.602049469947815,0.5,4.883848607540131,43.88384860754013,0.75,11.905743408203158,50.90574340820316,0.9
2019-03-17,33,40.0,8,-15.06614637374878,24.93385362625122,0.1,-8.708853006362915,31.291146993637085,0.25,-1.7735011577606201,38.22649884223938,0.5,5.736226260662079,45.73622626066208,0.75,13.899474525451662,53.899474525451666,0.9
2019-03-18,127,135.0,16,-22.420498657226563,112.57950134277344,0.1,-13.212869822978973,121.78713017702103,0.25,-2.8192843198776245,132.18071568012238,0.5,7.957382142543793,142.9573821425438,0.75,19.044486951828006,154.044486951828,0.9
2019-03-19,87,114.0,12,-19.031155920028688,94.96884407997132,0.1,-10.941250741481781,103.05874925851822,0.25,-2.358857035636902,111.6411429643631,0.5,6.861351788043976,120.86135178804398,0.75,16.780050206184388,130.7800502061844,0.9
2019-03-20,117,121.0,15,-21.479179000854494,99.52082099914551,0.1,-12.674067854881287,108.32593214511871,0.25,-2.818259119987488,118.18174088001251,0.5,7.76737767457962,128.76737767457962,0.75,18.165395140647895,139.1653951406479,0.9
2019-03-21,85,114.0,15,-21.737692189216613,92.26230781078338,0.1,-12.656437337398529,101.34356266260147,0.25,-2.8134605884552,111.1865394115448,0.5,7.662103950977325,121.66210395097733,0.75,18.458101677894604,132.4581016778946,0.9
2019-03-22,112,118.0,14,-20.828838539123534,97.17116146087646,0.1,-12.130905270576477,105.86909472942352,0.25,-2.6286853551864624,115.37131464481354,0.5,7.502949059009552,125.50294905900955,0.75,17.896620631217974,135.89662063121798,0.9
2019-03-23,46,51.0,6,-12.614398312568664,38.38560168743133,0.1,-7.0972893834114075,43.90271061658859,0.25,-1.39272141456604,49.60727858543396,0.5,4.800009906291962,55.80000990629196,0.75,11.87646412849427,62.87646412849427,0.9
2019-03-24,16,31.0,6,-12.735512328147886,18.264487671852116,0.1,-7.386502981185913,23.613497018814087,0.25,-1.5313539505004883,29.46864604949951,0.5,4.726313769817352,35.72631376981735,0.75,11.677716684341432,42.67771668434143,0.9
2019-03-25,118,133.0,15,-22.009755086898803,110.9902449131012,0.1,-12.931853234767914,120.06814676523209,0.25,-2.962323784828186,130.0376762151718,0.5,7.860187351703644,140.86018735170364,0.75,18.190620541572578,151.19062054157257,0.9
2019-03-26,159,142.0,20,-25.384652519226073,116.61534748077392,0.1,-15.078521311283112,126.92147868871689,0.25,-3.269876480102539,138.73012351989746,0.5,8.911071717739105,150.9110717177391,0.75,20.786703848838826,162.78670384883884,0.9
2019-03-27,105,129.0,18,-24.157414174079896,104.84258582592011,0.1,-14.369417548179626,114.63058245182037,0.25,-3.2758800983428955,125.7241199016571,0.5,8.49587368965149,137.4958736896515,0.75,19.83776249885563,148.83776249885562,0.9
2019-03-28,99,126.0,17,-23.27472825050354,102.72527174949646,0.1,-13.636733949184418,112.36326605081558,0.25,-3.1228402853012085,122.87715971469879,0.5,8.394480407238007,134.394480407238,0.75,19.59826982021334,145.59826982021335,0.9
2019-03-29,93,122.0,15,-21.61802599430084,100.38197400569916,0.1,-12.658455848693848,109.34154415130615,0.25,-2.8072612285614014,119.1927387714386,0.5,7.627832293510437,129.62783229351044,0.75,18.398575711250317,140.39857571125032,0.9
2019-03-30,28,35.0,7,-13.769952392578125,21.230047607421874,0.1,-7.813534379005432,27.186465620994568,0.25,-1.434433102607727,33.56556689739227,0.5,5.259578049182892,40.25957804918289,0.75,12.530090713500982,47.53009071350098,0.9
2019-03-31,51,56.0,9,-16.012258696556092,39.98774130344391,0.1,-9.23763233423233,46.76236766576767,0.25,-1.8425017595291138,54.157498240470886,0.5,6.078700661659241,62.07870066165924,0.75,14.618018865585329,70.61801886558533,0.9
2019-04-01,128,135.0,17,-23.157688164710997,111.842311835289,0.1,-13.751316845417023,121.24868315458298,0.25,-2.966513991355896,132.0334860086441,0.5,8.604270339012146,143.60427033901215,0.75,19.725256896018983,154.72525689601898,0.9
2019-04-02,113,127.0,16,-22.27782793045044,104.72217206954956,0.1,-13.045126974582672,113.95487302541733,0.25,-2.760859966278076,124.23914003372192,0.5,8.302561283111572,135.30256128311157,0.75,19.18094725608831,146.1809472560883,0.9
2019-04-03,123,123.0,16,-22.254249262809754,100.74575073719025,0.1,-13.027246296405792,109.97275370359421,0.25,-2.8060829639434814,120.19391703605652,0.5,8.002386450767517,131.00238645076752,0.75,19.286277222633366,142.28627722263337,0.9
2019-04-04,114,120.0,16,-22.273998141288757,97.72600185871124,0.1,-13.199038565158844,106.80096143484116,0.25,-2.722907781600952,117.27709221839905,0.5,8.224932968616486,128.22493296861649,0.75,19.306466865539555,139.30646686553956,0.9
2019-04-05,115,131.0,18,-23.997311854362486,107.0026881456375,0.1,-14.163827359676361,116.83617264032364,0.25,-3.221203088760376,127.77879691123962,0.5,8.601920783519745,139.60192078351974,0.75,20.046546554565438,151.04654655456545,0.9
2019-04-06,14,26.0,2,-6.261981129646301,19.7380188703537,0.1,-3.2522358298301697,22.74776417016983,0.25,-0.5928226709365845,25.407177329063416,0.5,2.2648311853408813,28.26483118534088,0.75,6.218217968940739,32.21821796894074,0.9
2019-04-07,52,48.0,8,-15.131368088722228,32.868631911277774,0.1,-8.634872257709503,39.3651277422905,0.25,-1.7629246711730957,46.237075328826904,0.5,5.663857460021973,53.66385746002197,0.75,13.819256615638736,61.819256615638736,0.9
2019-04-08,121,130.0,15,-21.723954725265504,108.2760452747345,0.1,-12.628998816013336,117.37100118398666,0.25,-2.921944260597229,127.07805573940277,0.5,7.761425793170929,137.76142579317093,0.75,18.695212626457263,148.69521262645725,0.9
2019-04-09,104,123.0,15,-21.718418884277344,101.28158111572266,0.1,-12.581130504608154,110.41886949539185,0.25,-2.853470206260681,120.14652979373932,0.5,7.65438050031662,130.65438050031662,0.75,18.167885136604312,141.1678851366043,0.9
2019-04-10,142,128.0,18,-24.11966528892517,103.88033471107482,0.1,-14.255454540252686,113.74454545974731,0.25,-3.027752161026001,124.972247838974,0.5,8.617088079452515,136.61708807945251,0.75,20.19677250385288,148.19677250385288,0.9
2019-04-11,83,128.0,18,-24.03309245109558,103.96690754890442,0.1,-14.100375950336456,113.89962404966354,0.25,-3.203812003135681,124.79618799686432,0.5,8.44640064239502,136.44640064239502,0.75,20.29260306358338,148.29260306358339,0.9
2019-04-12,132,129.0,17,-23.24105350971222,105.75894649028778,0.1,-13.520055711269379,115.47994428873062,0.25,-2.8852317333221436,126.11476826667786,0.5,8.435869455337524,137.43586945533752,0.75,19.609858226776122,148.6098582267761,0.9
2019-04-13,39,39.0,6,-12.764760136604309,26.23523986339569,0.1,-6.993763625621796,32.006236374378204,0.25,-1.3091694116592407,37.69083058834076,0.5,4.715079724788666,43.715079724788666,0.75,11.749015092849731,50.74901509284973,0.9
2019-04-14,48,36.0,6,-12.612521457672118,23.387478542327884,0.1,-6.955217063426971,29.04478293657303,0.25,-1.3485485315322876,34.65145146846771,0.5,4.855004191398621,40.85500419139862,0.75,11.811351156234743,47.81135115623474,0.9
2019-04-15,140,129.0,14,-20.57247438430786,108.42752561569213,0.1,-12.044488489627838,116.95551151037216,0.25,-2.607736825942993,126.392263174057,0.5,7.384453594684601,136.3844535946846,0.75,17.441002011299137,146.44100201129913,0.9
2019-04-16,94,121.0,15,-21.675213289260864,99.32478671073913,0.1,-12.574983179569244,108.42501682043076,0.25,-2.7707360982894897,118.22926390171051,0.5,7.578124463558197,128.5781244635582,0.75,18.581798076629674,139.58179807662967,0.9
2019-04-17,133,133.0,19,-24.695653867721557,108.30434613227844,0.1,-14.630778908729553,118.36922109127045,0.25,-3.4427757263183594,129.55722427368164,0.5,8.696057707071304,141.6960577070713,0.75,20.49783494472505,153.49783494472504,0.9
2019-04-18,153,124.0,16,-22.450775599479677,101.54922440052033,0.1,-13.32889050245285,110.67110949754715,0.25,-2.9724791049957275,121.02752089500427,0.5,7.952012300491333,131.95201230049133,0.75,19.111092567443848,143.11109256744385,0.9
2019-04-19,56,50.0,8,-14.995704078674317,35.004295921325685,0.1,-8.591448187828064,41.408551812171936,0.25,-1.687023639678955,48.312976360321045,0.5,5.69665914773941,55.69665914773941,0.75,13.986607074737558,63.986607074737556,0.9
2019-04-20,110,79.0,12,-19.075930023193358,59.92406997680664,0.1,-10.920055568218231,68.07994443178177,0.25,-2.3178879022598267,76.68211209774017,0.5,7.168901085853577,86.16890108585358,0.75,16.734897899627686,95.73489789962768,0.9
2019-04-21,41,46.0,9,-16.249079370498656,29.750920629501344,0.1,-9.148597955703735,36.851402044296265,0.25,-1.7504639625549316,44.24953603744507,0.5,6.235037624835968,52.23503762483597,0.75,14.374029803276072,60.37402980327607,0.9
2019-04-22,67,77.0,13,-19.8773321390152,57.122667860984805,0.1,-11.56644594669342,65.43355405330658,0.25,-2.5932137966156006,74.4067862033844,0.5,7.074793219566345,84.07479321956635,0.75,17.102038335800174,94.10203833580017,0.9
2019-04-23,133,129.0,17,-23.030719065666197,105.9692809343338,0.1,-13.570122718811035,115.42987728118896,0.25,-2.959831476211548,126.04016852378845,0.5,8.575726509094238,137.57572650909424,0.75,19.73347005844121,148.7334700584412,0.9
2019-04-24,130,138.0,19,-24.717025065422057,113.28297493457794,0.1,-14.590374529361725,123.40962547063828,0.25,-3.233001708984375,134.76699829101562,0.5,8.66050785779953,146.66050785779953,0.75,20.61662287712101,158.61662287712102,0.9
2019-04-25,95,125.0,17,-23.075206899642943,101.92479310035705,0.1,-13.612159609794617,111.38784039020538,0.25,-3.1426799297332764,121.85732007026672,0.5,8.053115367889404,133.0531153678894,0.75,19.35304846763612,144.3530484676361,0.9
2019-04-26,122,117.0,13,-19.977146768569945,97.02285323143005,0.1,-11.692618548870087,105.30738145112991,0.25,-2.5102020502090454,114.48979794979095,0.5,7.275943040847778,124.27594304084778,0.75,17.22665054798127,134.22665054798128,0.9
2019-04-27,67,59.0,10,-17.17535343170166,41.82464656829834,0.1,-10.053357124328613,48.94664287567139,0.25,-2.0703647136688232,56.92963528633118,0.5,6.363323509693146,65.36332350969315,0.75,15.218469238281257,74.21846923828126,0.9
2019-04-28,40,51.0,9,-15.867526531219482,35.13247346878052,0.1,-9.099064826965332,41.90093517303467,0.25,-1.846572756767273,49.15342724323273,0.5,5.916402280330658,56.91640228033066,0.75,14.053638672828676,65.05363867282867,0.9
2019-04-29,104,121.0,12,-19.018461179733276,101.98153882026672,0.1,-11.006087899208069,109.99391210079193,0.25,-2.3200043439865112,118.67999565601349,0.5,7.014150977134705,128.0141509771347,0.75,16.84468791484833,137.84468791484832,0.9
2019-04-30,177,122.0,14,-20.785817503929138,101.21418249607086,0.1,-12.289792597293854,109.71020740270615,0.25,-2.7778522968292236,119.22214770317078,0.5,7.482050001621246,129.48205000162125,0.75,18.03261101245884,140.03261101245883,0.9
2019-05-01,21,35.0,6,-12.520220637321472,22.479779362678528,0.1,-7.141641795635223,27.858358204364777,0.25,-1.4923605918884277,33.50763940811157,0.5,4.643763303756714,39.643763303756714,0.75,11.691888785362243,46.691888785362245,0.9
2019-05-02,111,128.0,18,-24.18666536808014,103.81333463191986,0.1,-14.2362100481987,113.7637899518013,0.25,-3.348290801048279,124.65170919895172,0.5,8.213091671466827,136.21309167146683,0.75,19.662499022483836,147.66249902248384,0.9
2019-05-03,91,106.0,13,-19.445077180862427,86.55492281913757,0.1,-11.354836404323578,94.64516359567642,0.25,-2.0343821048736572,103.96561789512634,0.5,7.735649049282074,113.73564904928207,0.75,17.465641522407537,123.46564152240754,0.9
2019-05-04,56,50.0,7,-13.876167607307433,36.12383239269256,0.1,-7.9087225794792175,42.09127742052078,0.25,-1.651124358177185,48.348875641822815,0.5,5.1199551820755005,55.1199551820755,0.75,12.687154078483585,62.68715407848359,0.9
2019-05-05,61,58.0,11,-18.169378757476807,39.83062124252319,0.1,-10.642612397670746,47.357387602329254,0.25,-2.369477927684784,55.630522072315216,0.5,6.420118629932404,64.4201186299324,0.75,15.529295468330405,73.5292954683304,0.9
2019-05-06,116,146.0,19,-24.369225001335142,121.63077499866486,0.1,-14.522295951843262,131.47770404815674,0.25,-3.272657036781311,142.7273429632187,0.5,8.610614836215973,154.61061483621597,0.75,20.375288128852873,166.37528812885287,0.9
2019-05-07,113,136.0,19,-25.020119976997375,110.97988002300262,0.1,-14.742624521255493,121.2573754787445,0.25,-3.4482262134552,132.5517737865448,0.5,8.6712646484375,144.6712646484375,0.75,20.636846017837534,156.63684601783754,0.9
2019-05-08,97,104.0,13,-20.1353718996048,83.86462810039521,0.1,-11.673360824584961,92.32663917541504,0.25,-2.588206648826599,101.4117933511734,0.5,7.364781200885773,111.36478120088577,0.75,17.379027271270772,121.37902727127077,0.9
2019-05-09,116,121.0,16,-22.264078497886658,98.73592150211334,0.1,-12.972527742385864,108.02747225761414,0.25,-2.639980912208557,118.36001908779144,0.5,8.140538513660431,129.14053851366043,0.75,19.071661400794987,140.071661400795,0.9
2019-05-10,113,127.0,16,-22.502761006355286,104.49723899364471,0.1,-13.343287587165833,113.65671241283417,0.25,-2.978334069252014,124.02166593074799,0.5,8.11633962392807,135.11633962392807,0.75,19.16775329113007,146.16775329113005,0.9
2019-05-11,44,42.0,7,-13.800276017189026,28.199723982810973,0.1,-7.895010709762573,34.10498929023743,0.25,-1.5974149703979492,40.40258502960205,0.5,5.206843972206116,47.206843972206116,0.75,12.941706824302678,54.94170682430268,0.9
2019-05-12,62,53.0,11,-18.220694017410278,34.77930598258972,0.1,-10.484200775623322,42.51579922437668,0.25,-2.219266653060913,50.78073334693909,0.5,6.775805711746216,59.775805711746216,0.75,16.11121866703036,69.11121866703036,0.9
2019-05-13,120,113.0,10,-17.267308354377747,95.73269164562225,0.1,-9.906094551086426,103.09390544891357,0.25,-2.0140300989151,110.9859699010849,0.5,6.497653007507324,119.49765300750732,0.75,15.341940569877641,128.34194056987764,0.9
2019-05-14,127,130.0,17,-23.36962037086487,106.63037962913513,0.1,-13.720158219337463,116.27984178066254,0.25,-3.2072452306747437,126.79275476932526,0.5,7.92200380563736,137.92200380563736,0.75,19.229513072967535,149.22951307296753,0.9
2019-05-15,117,123.0,16,-22.659613013267517,100.34038698673248,0.1,-13.1932293176651,109.8067706823349,0.25,-2.984063148498535,120.01593685150146,0.5,8.006994903087616,131.00699490308762,0.75,18.834608268737803,141.8346082687378,0.9
2019-05-16,128,122.0,16,-22.665349149703978,99.33465085029601,0.1,-13.334112763404846,108.66588723659515,0.25,-2.9559696912765503,119.04403030872345,0.5,8.473141431808472,130.47314143180847,0.75,19.606640005111707,141.6066400051117,0.9
2019-05-17,163,132.0,18,-24.203931045532226,107.79606895446777,0.1,-14.305248200893402,117.6947517991066,0.25,-3.48292076587677,128.51707923412323,0.5,8.573132634162903,140.5731326341629,0.75,19.67111279964449,151.6711127996445,0.9
2019-05-18,53,43.0,7,-13.980920362472535,29.019079637527465,0.1,-7.972080945968628,35.02791905403137,0.25,-1.6860642433166504,41.31393575668335,0.5,5.175995707511902,48.1759957075119,0.75,12.721868133544938,55.72186813354494,0.9
2019-05-19,45,32.0,6,-12.770613360404967,19.229386639595035,0.1,-7.220560908317566,24.779439091682434,0.25,-1.5365588665008545,30.463441133499146,0.5,4.684762597084045,36.684762597084045,0.75,11.775907707214369,43.77590770721437,0.9
2019-05-20,150,156.0,22,-26.805029797554013,129.19497020244597,0.1,-15.80748936533928,140.19251063466072,0.25,-3.596466302871704,152.4035336971283,0.5,9.584190726280212,165.5841907262802,0.75,22.42964298725129,178.4296429872513,0.9
2019-05-21,116,130.0,16,-22.721541452407834,107.27845854759217,0.1,-13.396243929862976,116.60375607013702,0.25,-2.937462329864502,127.0625376701355,0.5,8.067140877246857,138.06714087724686,0.75,19.097395324707072,149.09739532470707,0.9
2019-05-22,96,131.0,18,-23.781399273872374,107.21860072612762,0.1,-14.205609381198883,116.79439061880112,0.25,-3.0458993911743164,127.95410060882568,0.5,8.675374269485474,139.67537426948547,0.75,20.20861508846284,151.20861508846284,0.9
2019-05-23,90,103.0,13,-20.08040578365326,82.91959421634674,0.1,-11.698121964931488,91.30187803506851,0.25,-2.572393298149109,100.42760670185089,0.5,7.287154972553253,110.28715497255325,0.75,17.320899081230163,120.32089908123017,0.9
2019-05-24,110,115.0,13,-20.319749498367308,94.68025050163268,0.1,-11.836523473262787,103.16347652673721,0.25,-2.545582890510559,112.45441710948944,0.5,7.087124288082123,122.08712428808212,0.75,16.980174160003674,131.98017416000368,0.9
2019-05-25,26,46.0,8,-14.844690537452697,31.1553094625473,0.1,-8.516131222248077,37.48386877775192,0.25,-1.7126595973968506,44.28734040260315,0.5,5.746964454650879,51.74696445465088,0.75,13.612380480766296,59.6123804807663,0.9
2019-05-26,58,61.0,11,-17.79845561981201,43.20154438018799,0.1,-10.313927829265594,50.686072170734406,0.25,-2.043869137763977,58.95613086223602,0.5,6.873267471790314,67.87326747179031,0.75,16.263772988319406,77.2637729883194,0.9
2019-05-27,147,150.0,19,-24.69560616016388,125.30439383983612,0.1,-14.592252254486084,135.40774774551392,0.25,-3.3719024658203125,146.6280975341797,0.5,8.747479021549225,158.74747902154922,0.75,20.540173053741473,170.54017305374148,0.9
2019-05-28,122,122.0,14,-20.784965896606444,101.21503410339355,0.1,-12.303024768829346,109.69697523117065,0.25,-2.781935691833496,119.2180643081665,0.5,7.368641793727875,129.36864179372787,0.75,17.620732116699234,139.62073211669923,0.9
2019-05-29,136,105.0,13,-19.746705055236816,85.25329494476318,0.1,-11.706718504428864,93.29328149557114,0.25,-2.631552219390869,102.36844778060913,0.5,7.296728491783142,112.29672849178314,0.75,17.238815760612507,122.23881576061251,0.9
2019-05-30,49,59.0,11,-17.89687035083771,41.10312964916229,0.1,-10.329660594463348,48.67033940553665,0.25,-1.9987454414367676,57.00125455856323,0.5,6.814713478088379,65.81471347808838,0.75,15.844365644454959,74.84436564445495,0.9
2019-05-31,138,135.0,18,-24.119423127174375,110.88057687282563,0.1,-14.243804574012756,120.75619542598724,0.25,-3.229959487915039,131.77004051208496,0.5,8.311096906661987,143.311096906662,0.75,20.03681604862214,155.03681604862214,0.9
2019-06-01,48,50.0,10,-17.21906461715698,32.78093538284302,0.1,-9.997481346130371,40.00251865386963,0.25,-2.06677782535553,47.93322217464447,0.5,6.501757383346558,56.50175738334656,0.75,15.455106234550497,65.4551062345505,0.9
2019-06-02,48,46.0,9,-16.133662080764772,29.866337919235228,0.1,-9.332551419734955,36.667448580265045,0.25,-1.9007846117019653,44.099215388298035,0.5,6.065445899963379,52.06544589996338,0.75,14.355483984947204,60.355483984947206,0.9
2019-06-03,112,124.0,14,-20.819387984275817,103.18061201572418,0.1,-12.180845439434052,111.81915456056595,0.25,-2.8149551153182983,121.1850448846817,0.5,7.555221676826477,131.55522167682648,0.75,18.177231121063254,142.17723112106324,0.9
2019-06-04,129,132.0,18,-23.66067383289337,108.33932616710663,0.1,-14.035026371479034,117.96497362852097,0.25,-3.1577606201171875,128.8422393798828,0.5,8.430103182792664,140.43010318279266,0.75,20.26211671829224,152.26211671829225,0.9
2019-06-05,142,124.0,16,-22.375212597846986,101.62478740215302,0.1,-13.250370621681213,110.74962937831879,0.25,-2.9976197481155396,121.00238025188446,0.5,8.062312543392181,132.06231254339218,0.75,18.93938193321228,142.93938193321227,0.9
2019-06-06,120,111.0,13,-20.09125394821167,90.90874605178833,0.1,-11.869136154651642,99.13086384534836,0.25,-2.559793472290039,108.44020652770996,0.5,7.22194117307663,118.22194117307663,0.75,17.277087354660047,128.27708735466004,0.9
2019-06-07,133,128.0,17,-23.292434978485108,104.7075650215149,0.1,-13.754365384578705,114.2456346154213,0.25,-3.2777119874954224,124.72228801250458,0.5,8.030876457691193,136.0308764576912,0.75,19.45142009258271,147.4514200925827,0.9
2019-06-08,18,33.0,4,-9.91767258644104,23.08232741355896,0.1,-5.461234509944916,27.538765490055084,0.25,-1.0762226581573486,31.92377734184265,0.5,3.6824029684066772,36.68240296840668,0.75,9.352525711059576,42.35252571105958,0.9
2019-06-09,39,38.0,7,-13.92846233844757,24.07153766155243,0.1,-7.874392509460449,30.12560749053955,0.25,-1.495902419090271,36.50409758090973,0.5,5.263234734535217,43.26323473453522,0.75,12.790345931053169,50.79034593105317,0.9
2019-06-10,121,134.0,16,-22.414685750007628,111.58531424999236,0.1,-13.38171911239624,120.61828088760376,0.25,-2.8678215742111206,131.13217842578888,0.5,7.983645141124725,141.98364514112473,0.75,18.570805954933185,152.57080595493318,0.9
2019-06-11,112,131.0,17,-23.116143679618837,107.88385632038117,0.1,-13.647304475307465,117.35269552469254,0.25,-2.88565194606781,128.1143480539322,0.5,8.29532927274704,139.29532927274704,0.75,19.84271905422212,150.84271905422213,0.9
2019-06-12,115,132.0,18,-24.183167004585265,107.81683299541473,0.1,-14.259994864463806,117.7400051355362,0.25,-3.2310025691986084,128.7689974308014,0.5,8.46268081665039,140.4626808166504,0.75,20.14595704078676,152.14595704078675,0.9
2019-06-13,108,111.0,13,-19.90058081150055,91.09941918849945,0.1,-11.596883475780487,99.40311652421951,0.25,-2.3987362384796143,108.60126376152039,0.5,7.37453019618988,118.37453019618988,0.75,17.541887164115927,128.54188716411593,0.9
2019-06-14,156,128.0,17,-23.46535243988037,104.53464756011962,0.1,-13.994004666805267,114.00599533319473,0.25,-3.2132898569107056,124.7867101430893,0.5,8.247907102108002,136.247907102108,0.75,19.622997951507568,147.62299795150756,0.9
2019-06-15,42,37.0,8,-15.385269808769227,21.614730191230773,0.1,-8.699879050254822,28.300120949745178,0.25,-1.7653234004974365,35.23467659950256,0.5,5.79772412776947,42.79772412776947,0.75,13.974086070060748,50.97408607006075,0.9
2019-06-16,28,36.0,6,-12.739540576934814,23.260459423065186,0.1,-7.176425635814667,28.823574364185333,0.25,-1.4006240367889404,34.59937596321106,0.5,4.851141273975372,40.85114127397537,0.75,11.775256085395815,47.77525608539582,0.9
2019-06-17,123,133.0,15,-21.775992012023924,111.22400798797608,0.1,-12.769472062587738,120.23052793741226,0.25,-2.8452199697494507,130.15478003025055,0.5,7.878535866737366,140.87853586673737,0.75,18.596615314483653,151.59661531448364,0.9
2019-06-18,88,113.0,15,-21.71547863483429,91.28452136516572,0.1,-12.815643072128296,100.1843569278717,0.25,-3.0280704498291016,109.9719295501709,0.5,7.812699615955353,120.81269961595535,0.75,18.343454885482796,131.3434548854828,0.9
2019-06-19,154,138.0,21,-26.484880805015564,111.51511919498444,0.1,-15.71769368648529,122.28230631351471,0.25,-3.806756615638733,134.19324338436127,0.5,8.892093777656555,146.89209377765656,0.75,21.0771577358246,159.07715773582458,0.9
2019-06-20,137,128.0,18,-23.990389442443846,104.00961055755616,0.1,-14.370473980903625,113.62952601909637,0.25,-3.3128942251205444,124.68710577487946,0.5,8.409232020378113,136.4092320203781,0.75,19.988911533355715,147.98891153335572,0.9
2019-06-21,13,31.0,5,-11.483908915519715,19.516091084480287,0.1,-6.321575224399567,24.678424775600433,0.25,-1.23750638961792,29.76249361038208,0.5,4.231063663959503,35.2310636639595,0.75,10.896882367134094,41.8968823671341,0.9
2019-06-22,47,47.0,9,-16.007158398628235,30.992841601371765,0.1,-9.251234531402588,37.74876546859741,0.25,-1.9302315711975098,45.06976842880249,0.5,5.946644484996796,52.946644484996796,0.75,14.40419354438784,61.40419354438784,0.9
2019-06-23,47,57.0,10,-17.09891812801361,39.90108187198639,0.1,-9.807407200336456,47.192592799663544,0.25,-2.0587775707244873,54.94122242927551,0.5,6.4657251834869385,63.46572518348694,0.75,15.362198066711436,72.36219806671144,0.9
2019-06-24,130,131.0,15,-21.551435685157774,109.44856431484223,0.1,-12.675761997699738,118.32423800230026,0.25,-2.772722363471985,128.22727763652802,0.5,7.377778589725494,138.3777785897255,0.75,17.934790182113648,148.93479018211366,0.9
2019-06-25,140,134.0,18,-23.761438298225404,110.2385617017746,0.1,-13.896271228790283,120.10372877120972,0.25,-3.081523895263672,130.91847610473633,0.5,8.707472324371338,142.70747232437134,0.75,20.59705808162693,154.59705808162693,0.9
2019-06-26,83,106.0,14,-20.80462589263916,85.19537410736083,0.1,-12.041915774345398,93.9580842256546,0.25,-2.575258255004883,103.42474174499512,0.5,7.551104426383972,113.55110442638397,0.75,17.89541759490967,123.89541759490967,0.9
2019-06-27,120,128.0,17,-23.578302121162412,104.42169787883759,0.1,-13.846667349338531,114.15333265066147,0.25,-3.0566872358322144,124.94331276416779,0.5,8.130477607250214,136.1304776072502,0.75,19.54945030212403,147.54945030212403,0.9
2019-06-28,114,125.0,16,-22.134256339073183,102.86574366092682,0.1,-13.005167722702026,111.99483227729797,0.25,-2.938012719154358,122.06198728084564,0.5,7.956140458583832,132.95614045858383,0.75,18.681075024604805,143.6810750246048,0.9
2019-06-29,23,33.0,6,-12.65361921787262,20.34638078212738,0.1,-7.157983124256134,25.842016875743866,0.25,-1.604990005493164,31.395009994506836,0.5,4.500385940074921,37.50038594007492,0.75,11.645569252967839,44.64556925296784,0.9
2019-06-30,46,51.0,7,-13.800013756752014,37.199986243247984,0.1,-7.863290071487427,43.13670992851257,0.25,-1.4773211479187012,49.5226788520813,0.5,5.354035198688507,56.35403519868851,0.75,12.763324308395388,63.76332430839539,0.9
2019-07-01,116,124.0,16,-22.543525600433348,101.45647439956664,0.1,-13.340790033340454,110.65920996665955,0.25,-2.999682903289795,121.0003170967102,0.5,8.09789890050888,132.09789890050888,0.75,19.130568575859073,143.13056857585906,0.9
2019-07-02,110,128.0,17,-23.186660599708556,104.81333940029144,0.1,-13.705828845500946,114.29417115449905,0.25,-3.2202563285827637,124.77974367141724,0.5,8.094437777996063,136.09443777799606,0.75,19.248157382011417,147.2481573820114,0.9
2019-07-03,95,125.0,17,-23.058608031272886,101.94139196872712,0.1,-13.543251395225525,111.45674860477448,0.25,-2.9025989770889282,122.09740102291107,0.5,8.58906465768814,133.58906465768814,0.75,19.713203907012943,144.71320390701294,0.9
2019-07-04,71,110.0,13,-19.697681379318237,90.30231862068176,0.1,-11.594279825687408,98.40572017431259,0.25,-2.4157289266586304,107.58427107334137,0.5,7.544305145740509,117.54430514574051,0.75,17.669494771957403,127.6694947719574,0.9
2019-07-05,113,122.0,14,-20.732874274253845,101.26712572574615,0.1,-12.14277195930481,109.85722804069519,0.25,-2.6717411279678345,119.32825887203217,0.5,7.236922562122345,129.23692256212234,0.75,17.7858642101288,139.7858642101288,0.9
2019-07-06,39,25.0,4,-9.892728853225709,15.107271146774291,0.1,-5.4383227825164795,19.56167721748352,0.25,-1.006674885749817,23.993325114250183,0.5,3.6509156227111816,28.65091562271118,0.75,9.513699007034305,34.513699007034305,0.9
2019-07-07,76,62.0,12,-18.962940955162047,43.03705904483795,0.1,-11.304408967494965,50.695591032505035,0.25,-2.7343634366989136,59.265636563301086,0.5,6.621037721633911,68.62103772163391,0.75,16.407531166076698,78.4075311660767,0.9
2019-07-08,123,140.0,17,-23.150598096847535,116.84940190315247,0.1,-13.583840489387512,126.41615951061249,0.25,-2.9869648218154907,137.0130351781845,0.5,8.388251423835754,148.38825142383575,0.75,19.489472031593362,159.48947203159335,0.9
2019-07-09,119,124.0,15,-21.650742769241333,102.34925723075867,0.1,-12.489957094192505,111.5100429058075,0.25,-2.8079957962036133,121.19200420379639,0.5,7.587799787521362,131.58779978752136,0.75,18.170432472229013,142.170432472229,0.9
2019-07-10,110,127.0,17,-23.175419878959655,103.82458012104034,0.1,-13.662885189056396,113.3371148109436,0.25,-3.2165623903274536,123.78343760967255,0.5,8.068195760250092,135.0681957602501,0.75,19.4649348497391,146.4649348497391,0.9
2019-07-11,152,129.0,18,-24.252190470695496,104.7478095293045,0.1,-14.445536315441132,114.55446368455887,0.25,-3.3698129653930664,125.63018703460693,0.5,8.460646510124207,137.4606465101242,0.75,20.38236234188087,149.38236234188088,0.9
2019-07-12,138,131.0,16,-22.44057857990265,108.55942142009735,0.1,-13.259614884853363,117.74038511514664,0.25,-2.9850516319274902,128.0149483680725,0.5,7.99680107831955,138.99680107831955,0.75,19.011195993423463,150.01119599342346,0.9
2019-07-13,55,48.0,9,-16.27234079837799,31.72765920162201,0.1,-9.223554849624634,38.776445150375366,0.25,-1.8143329620361328,46.18566703796387,0.5,6.061815559864044,54.061815559864044,0.75,14.741907310485843,62.74190731048584,0.9
2019-07-14,36,30.0,9,-16.10401186943054,13.89598813056946,0.1,-9.337508261203766,20.662491738796234,0.25,-1.9179438352584839,28.082056164741516,0.5,5.879436671733856,35.879436671733856,0.75,14.680185222625747,44.680185222625745,0.9
2019-07-15,121,127.0,14,-20.735399389266966,106.26460061073303,0.1,-11.855647146701813,115.14435285329819,0.25,-2.4779701232910156,124.52202987670898,0.5,7.764245986938477,134.76424598693848,0.75,18.219698476791397,145.2196984767914,0.9
2019-07-16,101,127.0,16,-22.56439678668976,104.43560321331024,0.1,-13.174180090427399,113.8258199095726,0.25,-2.957658886909485,124.04234111309052,0.5,7.958074390888214,134.9580743908882,0.75,18.67596881389621,145.67596881389622,0.9
2019-07-17,114,130.0,17,-23.17291131019592,106.82708868980407,0.1,-13.729722440242767,116.27027755975723,0.25,-3.1914225816726685,126.80857741832733,0.5,8.208070546388626,138.20807054638863,0.75,19.300291943550114,149.30029194355012,0.9
2019-07-18,123,119.0,15,-21.426151823997497,97.5738481760025,0.1,-12.546654880046844,106.45334511995316,0.25,-2.7388066053390503,116.26119339466095,0.5,7.94111043214798,126.94111043214798,0.75,18.47590894699097,137.47590894699096,0.9
2019-07-19,132,124.0,14,-20.617259216308593,103.3827407836914,0.1,-11.99910706281662,112.00089293718338,0.25,-2.4052079916000366,121.59479200839996,0.5,7.817968368530273,131.81796836853027,0.75,18.236731338501002,142.236731338501,0.9
2019-07-20,39,48.0,9,-16.09504690170288,31.90495309829712,0.1,-9.226044416427612,38.77395558357239,0.25,-1.9607207775115967,46.0392792224884,0.5,6.082051217556,54.082051217556,0.75,14.547679471969612,62.547679471969616,0.9
2019-07-21,41,46.0,10,-17.413051748275755,28.586948251724245,0.1,-10.069591403007507,35.93040859699249,0.25,-2.026087522506714,43.973912477493286,0.5,6.423843860626221,52.42384386062622,0.75,15.26413495540619,61.26413495540619,0.9
2019-07-22,134,131.0,15,-21.797684240341187,109.20231575965882,0.1,-12.815161228179932,118.18483877182007,0.25,-3.0639400482177734,127.93605995178223,0.5,7.670432090759277,138.67043209075928,0.75,18.39864826202393,149.39864826202393,0.9
2019-07-23,111,122.0,15,-21.838155817985534,100.16184418201446,0.1,-12.571158349514008,109.42884165048599,0.25,-2.530320405960083,119.46967959403992,0.5,8.016104638576508,130.0161046385765,0.75,18.40533108711243,140.40533108711242,0.9
2019-07-24,105,117.0,14,-20.780713033676147,96.21928696632385,0.1,-12.285888612270355,104.71411138772964,0.25,-2.562203049659729,114.43779695034027,0.5,7.928417861461639,124.92841786146164,0.75,18.40445122718812,135.40445122718813,0.9
2019-07-25,79,118.0,14,-20.578130078315734,97.42186992168426,0.1,-12.060117304325104,105.9398826956749,0.25,-2.5737171173095703,115.42628288269043,0.5,7.553085088729858,125.55308508872986,0.75,17.65801773071291,135.6580177307129,0.9
2019-07-26,119,128.0,17,-23.478237438201905,104.5217625617981,0.1,-13.804733872413635,114.19526612758636,0.25,-3.1564654111862183,124.84353458881378,0.5,8.151934444904327,136.15193444490433,0.75,19.304539823532114,147.3045398235321,0.9
2019-07-27,37,40.0,6,-12.767218208312988,27.23278179168701,0.1,-7.250511825084686,32.749488174915314,0.25,-1.5399487018585205,38.46005129814148,0.5,4.642581403255463,44.64258140325546,0.75,11.583084797859197,51.5830847978592,0.9
2019-07-28,31,30.0,6,-12.58215684890747,17.41784315109253,0.1,-7.152019917964935,22.847980082035065,0.25,-1.5093950033187866,28.490604996681213,0.5,4.590110421180725,34.590110421180725,0.75,11.55434286594391,41.55434286594391,0.9
2019-07-29,125,121.0,15,-21.797586727142335,99.20241327285767,0.1,-12.853389918804169,108.14661008119583,0.25,-2.9407360553741455,118.05926394462585,0.5,7.664094269275665,128.66409426927567,0.75,18.06566686630249,139.06566686630248,0.9
2019-07-30,109,124.0,15,-21.586061811447145,102.41393818855286,0.1,-12.793672531843185,111.20632746815681,0.25,-2.9489285945892334,121.05107140541077,0.5,7.641544342041016,131.64154434204102,0.75,18.293855381011966,142.29385538101195,0.9
2019-07-31,89,109.0,14,-20.53940107822418,88.46059892177581,0.1,-12.120389819145203,96.8796101808548,0.25,-2.5376834869384766,106.46231651306152,0.5,7.793884098529816,116.79388409852982,0.75,17.890128898620606,126.8901288986206,0.9
2019-08-01,80,120.0,16,-22.52224209308624,97.47775790691375,0.1,-13.304968416690826,106.69503158330917,0.25,-3.024369478225708,116.97563052177429,0.5,8.022559583187103,128.0225595831871,0.75,19.518290090560914,139.51829009056092,0.9
2019-08-02,116,124.0,16,-22.365212202072144,101.63478779792786,0.1,-13.179029524326324,110.82097047567368,0.25,-2.911035656929016,121.08896434307098,0.5,8.069660246372223,132.06966024637222,0.75,18.852226734161377,142.85222673416138,0.9
2019-08-03,46,42.0,7,-13.845368504524231,28.15463149547577,0.1,-7.909307956695557,34.09069204330444,0.25,-1.7113536596298218,40.28864634037018,0.5,5.100591957569122,47.10059195756912,0.75,12.838980507850662,54.838980507850664,0.9
2019-08-04,28,41.0,8,-14.912298691272735,26.087701308727265,0.1,-8.625902473926544,32.374097526073456,0.25,-1.9205695390701294,39.07943046092987,0.5,5.628056585788727,46.62805658578873,0.75,13.680000710487366,54.68000071048736,0.9
2019-08-05,131,139.0,17,-23.35521192550659,115.6447880744934,0.1,-13.824179410934448,125.17582058906555,0.25,-3.1133023500442505,135.88669764995575,0.5,8.052459478378296,147.0524594783783,0.75,19.094346213340803,158.0943462133408,0.9
2019-08-06,109,123.0,15,-21.58843574523926,101.41156425476075,0.1,-12.658744513988495,110.3412554860115,0.25,-2.6517491340637207,120.34825086593628,0.5,8.039543688297272,131.03954368829727,0.75,18.510068488121032,141.51006848812102,0.9
2019-08-07,100,109.0,12,-18.864758777618405,90.1352412223816,0.1,-10.933874905109406,98.0661250948906,0.25,-2.26432466506958,106.73567533493042,0.5,7.024409830570221,116.02440983057022,0.75,16.789752459526092,125.78975245952608,0.9
2019-08-08,96,116.0,15,-21.46970615386963,94.53029384613038,0.1,-12.596904635429382,103.40309536457062,0.25,-2.6348471641540527,113.36515283584595,0.5,7.888982594013214,123.88898259401321,0.75,18.467964792251585,134.4679647922516,0.9
2019-08-09,117,123.0,15,-21.274911642074585,101.72508835792542,0.1,-12.436419546604156,110.56358045339584,0.25,-2.7105900049209595,120.28940999507904,0.5,7.953629553318024,130.95362955331802,0.75,18.802298116683968,141.80229811668397,0.9
2019-08-10,44,46.0,8,-15.01513957977295,30.98486042022705,0.1,-8.756482660770416,37.243517339229584,0.25,-1.8113345503807068,44.18866544961929,0.5,5.683354020118713,51.68335402011871,0.75,13.668204522132884,59.66820452213288,0.9
2019-08-11,48,54.0,8,-14.874321246147156,39.125678753852846,0.1,-8.4434534907341,45.5565465092659,0.25,-1.7621235847473145,52.237876415252686,0.5,5.616521537303925,59.616521537303925,0.75,13.700767302513123,67.70076730251313,0.9
2019-08-12,141,155.0,20,-25.280892157554625,129.71910784244537,0.1,-15.031340539455414,139.9686594605446,0.25,-3.4804916381835938,151.5195083618164,0.5,8.749037265777588,163.7490372657776,0.75,20.862887740135193,175.8628877401352,0.9
2019-08-13,105,117.0,13,-20.150324034690858,96.84967596530915,0.1,-11.794993281364441,105.20500671863556,0.25,-2.808555841445923,114.19144415855408,0.5,7.223518490791321,124.22351849079132,0.75,17.06846232414249,134.0684623241425,0.9
2019-08-14,122,110.0,12,-18.86375904083252,91.13624095916748,0.1,-11.078028082847595,98.9219719171524,0.25,-2.4708714485168457,107.52912855148315,0.5,7.044843792915344,117.04484379291534,0.75,16.537473082542427,126.53747308254242,0.9
2019-08-15,85,104.0,13,-20.005600881576537,83.99439911842346,0.1,-11.707529187202454,92.29247081279755,0.25,-2.6303277015686035,101.3696722984314,0.5,7.211497128009796,111.2114971280098,0.75,17.34800922870637,121.34800922870637,0.9
2019-08-16,117,124.0,16,-22.50172824859619,101.4982717514038,0.1,-13.472971200942993,110.527028799057,0.25,-2.9810603857040405,121.01893961429596,0.5,7.8643980622291565,131.86439806222916,0.75,19.06031789779664,143.06031789779664,0.9
2019-08-17,39,51.0,9,-16.001423501968382,34.99857649803162,0.1,-9.275890529155731,41.72410947084427,0.25,-1.9898746013641357,49.010125398635864,0.5,6.040833652019501,57.0408336520195,0.75,14.732329320907594,65.7323293209076,0.9
2019-08-18,41,43.0,10,-17.14221794605255,25.85778205394745,0.1,-9.754721283912659,33.24527871608734,0.25,-2.0863735675811768,40.91362643241882,0.5,6.355696976184845,49.355696976184845,0.75,15.335399293899538,58.33539929389954,0.9
2019-08-19,133,135.0,16,-22.5748939037323,112.4251060962677,0.1,-13.107707500457764,121.89229249954224,0.25,-2.8293508291244507,132.17064917087555,0.5,7.947370111942291,142.9473701119423,0.75,19.012192654609688,154.0121926546097,0.9
2019-08-20,113,116.0,13,-19.840826654434203,96.15917334556579,0.1,-11.789162755012512,104.21083724498749,0.25,-2.5825968980789185,113.41740310192108,0.5,7.3523237109184265,123.35232371091843,0.75,17.193711709976213,133.1937117099762,0.9
2019-08-21,122,109.0,12,-18.769277381896973,90.23072261810303,0.1,-10.964487731456757,98.03551226854324,0.25,-2.2526224851608276,106.74737751483917,0.5,7.392562985420227,116.39256298542023,0.75,16.979018926620483,125.97901892662048,0.9
2019-08-22,99,120.0,14,-20.7271897315979,99.2728102684021,0.1,-12.250216126441956,107.74978387355804,0.25,-2.9220149517059326,117.07798504829407,0.5,7.236783444881439,127.23678344488144,0.75,17.382603359222436,137.38260335922243,0.9
2019-08-23,96,118.0,14,-20.718924140930177,97.28107585906983,0.1,-12.251084864139557,105.74891513586044,0.25,-2.7141963243484497,115.28580367565155,0.5,7.793266713619232,125.79326671361923,0.75,18.19900326728821,136.19900326728822,0.9
2019-08-24,18,22.0,3,-8.347558379173279,13.652441620826721,0.1,-4.475795090198517,17.524204909801483,0.25,-0.916913628578186,21.083086371421814,0.5,2.921888530254364,24.921888530254364,0.75,8.098538088798527,30.098538088798527,0.9
2019-08-25,44,49.0,9,-16.011403155326843,32.988596844673154,0.1,-9.18563723564148,39.81436276435852,0.25,-1.9550763368606567,47.04492366313934,0.5,5.990523397922516,54.990523397922516,0.75,14.534733319282536,63.53473331928254,0.9
2019-08-26,162,147.0,19,-24.41762180328369,122.5823781967163,0.1,-14.256711602210999,132.743288397789,0.25,-3.2139450311660767,143.78605496883392,0.5,8.901825249195099,155.9018252491951,0.75,20.651924610137943,167.65192461013794,0.9
2019-08-27,115,120.0,14,-20.63557376861572,99.36442623138427,0.1,-12.045077681541443,107.95492231845856,0.25,-2.3892170190811157,117.61078298091888,0.5,7.822577178478241,127.82257717847824,0.75,18.095839452743583,138.09583945274358,0.9
2019-08-28,92,100.0,12,-18.987911653518676,81.01208834648132,0.1,-10.99714082479477,89.00285917520523,0.25,-2.3388503789901733,97.66114962100983,0.5,6.962776243686676,106.96277624368668,0.75,16.432472276687623,116.43247227668762,0.9
2019-08-29,144,131.0,18,-23.851442337036133,107.14855766296387,0.1,-14.05111163854599,116.94888836145401,0.25,-3.02203506231308,127.97796493768692,0.5,8.484458863735199,139.4844588637352,0.75,19.742348003387473,150.74234800338746,0.9
2019-08-30,122,122.0,15,-21.254422879219053,100.74557712078095,0.1,-12.605917096138,109.394082903862,0.25,-2.6372880935668945,119.3627119064331,0.5,8.032987177371979,130.03298717737198,0.75,18.649830770492564,140.64983077049257,0.9
2019-08-31,38,45.0,7,-13.613650012016297,31.386349987983703,0.1,-7.609509587287903,37.3904904127121,0.25,-1.3913910388946533,43.60860896110535,0.5,5.352286458015442,50.35228645801544,0.75,12.773861622810369,57.77386162281037,0.9
2019-09-01,33,47.0,8,-14.766060304641723,32.23393969535827,0.1,-8.456140637397766,38.543859362602234,0.25,-1.7195773124694824,45.28042268753052,0.5,5.726952314376831,52.72695231437683,0.75,13.733571147918706,60.73357114791871,0.9
2019-09-02,142,135.0,16,-22.612483143806458,112.38751685619354,0.1,-13.202650606632233,121.79734939336777,0.25,-2.7636746168136597,132.23632538318634,0.5,8.023359954357147,143.02335995435715,0.75,18.78466370105745,153.78466370105744,0.9
2019-09-03,130,114.0,13,-19.749013042449953,94.25098695755005,0.1,-11.510267734527588,102.48973226547241,0.25,-2.4594441652297974,111.5405558347702,0.5,7.4869232177734375,121.48692321777344,0.75,17.375741434097296,131.3757414340973,0.9
2019-09-04,112,126.0,17,-23.03067889213562,102.96932110786437,0.1,-13.435175240039825,112.56482475996017,0.25,-2.8419026136398315,123.15809738636017,0.5,8.187338054180145,134.18733805418015,0.75,19.18333988189699,145.18333988189698,0.9
2019-09-05,90,108.0,12,-18.607674050331116,89.39232594966889,0.1,-10.671187102794647,97.32881289720535,0.25,-1.9979661703109741,106.00203382968903,0.5,7.365778088569641,115.36577808856964,0.75,16.90209393501283,124.90209393501283,0.9
2019-09-06,133,120.0,14,-20.637713527679445,99.36228647232056,0.1,-12.084972560405731,107.91502743959427,0.25,-2.600439190864563,117.39956080913544,0.5,7.727006375789642,127.72700637578964,0.75,18.03191933631899,138.031919336319,0.9
2019-09-07,39,34.0,7,-13.805538606643676,20.194461393356324,0.1,-7.832787871360779,26.16721212863922,0.25,-1.6098829507827759,32.390117049217224,0.5,5.308878600597382,39.30887860059738,0.75,12.828121113777161,46.82812111377716,0.9
2019-09-08,38,39.0,9,-15.940940403938294,23.059059596061708,0.1,-9.152845084667206,29.847154915332794,0.25,-1.844687581062317,37.15531241893768,0.5,5.770645380020142,44.77064538002014,0.75,14.376478910446174,53.376478910446174,0.9
2019-09-09,141,138.0,17,-23.226689743995667,114.77331025600434,0.1,-13.391760051250458,124.60823994874954,0.25,-2.8787893056869507,135.12121069431305,0.5,8.303658962249756,146.30365896224976,0.75,19.760203599929813,157.7602035999298,0.9
2019-09-10,111,116.0,13,-19.836575841903688,96.16342415809632,0.1,-11.67861920595169,104.32138079404831,0.25,-2.558030605316162,113.44196939468384,0.5,7.319302439689636,123.31930243968964,0.75,17.1204651594162,133.1204651594162,0.9
2019-09-11,103,117.0,14,-20.518957948684694,96.48104205131531,0.1,-11.842679738998413,105.15732026100159,0.25,-2.428756594657898,114.5712434053421,0.5,7.628067374229431,124.62806737422943,0.75,18.09520347118378,135.09520347118377,0.9
2019-09-12,99,112.0,13,-20.209729957580567,91.79027004241944,0.1,-11.756694734096527,100.24330526590347,0.25,-2.659037470817566,109.34096252918243,0.5,7.071300208568573,119.07130020856857,0.75,17.053080511093157,129.05308051109316,0.9
2019-09-13,100,118.0,14,-20.72040550708771,97.2795944929123,0.1,-12.197019457817078,105.80298054218292,0.25,-2.529646635055542,115.47035336494446,0.5,7.434279143810272,125.43427914381027,0.75,17.996130943298343,135.99613094329834,0.9
2019-09-14,40,35.0,5,-11.447584080696105,23.552415919303897,0.1,-6.357168138027191,28.64283186197281,0.25,-1.216427206993103,33.7835727930069,0.5,4.259604394435883,39.25960439443588,0.75,10.78893167972566,45.788931679725664,0.9
2019-09-15,43,48.0,11,-18.086720800399778,29.913279199600222,0.1,-10.482574701309204,37.517425298690796,0.25,-2.1866700649261475,45.81332993507385,0.5,6.828531742095947,54.82853174209595,0.75,16.305139350891118,64.30513935089112,0.9
2019-09-16,138,131.0,15,-21.32785925865173,109.67214074134827,0.1,-12.543301045894623,118.45669895410538,0.25,-2.6387665271759033,128.3612334728241,0.5,7.904900312423706,138.9049003124237,0.75,18.7937523365021,149.7937523365021,0.9
2019-09-17,147,142.0,19,-24.76374864578247,117.23625135421753,0.1,-14.69867593050003,127.30132406949997,0.25,-3.4464542865753174,138.55354571342468,0.5,8.500792622566223,150.50079262256622,0.75,20.404430770874036,162.40443077087403,0.9
2019-09-18,108,102.0,13,-19.93306028842926,82.06693971157074,0.1,-11.701953828334808,90.29804617166519,0.25,-2.805564284324646,99.19443571567535,0.5,7.1196712255477905,109.11967122554779,0.75,16.794497680664062,118.79449768066407,0.9
2019-09-19,99,107.0,14,-20.914774346351624,86.08522565364838,0.1,-12.36165964603424,94.63834035396576,0.25,-2.988913655281067,104.01108634471893,0.5,7.318251073360443,114.31825107336044,0.75,17.545380043983474,124.54538004398347,0.9
2019-09-20,118,133.0,17,-23.436509680747985,109.56349031925201,0.1,-13.862964868545532,119.13703513145447,0.25,-3.2703847885131836,129.72961521148682,0.5,7.996093809604645,140.99609380960464,0.75,19.197284269332897,152.1972842693329,0.9
2019-09-21,29,34.0,7,-13.922849559783936,20.077150440216066,0.1,-7.903753995895386,26.096246004104614,0.25,-1.566103458404541,32.43389654159546,0.5,5.270569324493408,39.27056932449341,0.75,12.703364324569723,46.70336432456972,0.9
2019-09-22,50,47.0,9,-15.92636842727661,31.07363157272339,0.1,-9.180561125278473,37.81943887472153,0.25,-1.827484130859375,45.172515869140625,0.5,6.14141583442688,53.14141583442688,0.75,14.52166767120362,61.521667671203616,0.9
2019-09-23,153,148.0,18,-24.17466127872467,123.82533872127533,0.1,-14.279358625411987,133.720641374588,0.25,-3.1104787588119507,144.88952124118805,0.5,8.524519383907318,156.52451938390732,0.75,20.253744506835943,168.25374450683594,0.9
2019-09-24,120,121.0,14,-20.808517932891846,100.19148206710815,0.1,-12.138911604881287,108.86108839511871,0.25,-2.7146127223968506,118.28538727760315,0.5,7.532998144626617,128.53299814462662,0.75,17.717914199829107,138.7179141998291,0.9
2019-09-25,94,108.0,13,-19.98925404548645,88.01074595451355,0.1,-11.621551513671875,96.37844848632812,0.25,-2.5614644289016724,105.43853557109833,0.5,7.370610177516937,115.37061017751694,0.75,17.15166575908661,125.15166575908661,0.9
2019-09-26,110,133.0,18,-23.929871082305908,109.07012891769409,0.1,-14.116386950016022,118.88361304998398,0.25,-3.3531051874160767,129.64689481258392,0.5,8.351679921150208,141.3516799211502,0.75,19.84294996261597,152.84294996261596,0.9
2019-09-27,136,137.0,17,-23.5628604888916,113.4371395111084,0.1,-14.184470176696777,122.81552982330322,0.25,-3.440462589263916,133.55953741073608,0.5,8.069926917552948,145.06992691755295,0.75,19.261304616928104,156.2613046169281,0.9
2019-09-28,39,46.0,7,-13.76020896434784,32.23979103565216,0.1,-7.830267310142517,38.16973268985748,0.25,-1.517634630203247,44.48236536979675,0.5,5.2692729234695435,51.26927292346954,0.75,12.9825088262558,58.9825088262558,0.9
2019-09-29,48,55.0,10,-17.186215543746947,37.81378445625305,0.1,-9.867978632450104,45.132021367549896,0.25,-2.032528281211853,52.96747171878815,0.5,6.544653654098511,61.54465365409851,0.75,15.536761713027964,70.53676171302797,0.9
2019-09-30,114,130.0,14,-20.70641162395477,109.29358837604522,0.1,-11.92512047290802,118.07487952709198,0.25,-2.520241856575012,127.47975814342499,0.5,7.693818628787994,137.693818628788,0.75,17.92523143291474,147.92523143291473,0.9
2019-10-01,110,115.0,13,-19.900130248069765,95.09986975193024,0.1,-11.697548687458038,103.30245131254196,0.25,-2.530117392539978,112.46988260746002,0.5,7.221843481063843,122.22184348106384,0.75,17.198941969871523,132.19894196987153,0.9
2019-10-02,108,121.0,16,-22.218844485282897,98.7811555147171,0.1,-13.12647956609726,107.87352043390274,0.25,-2.836488962173462,118.16351103782654,0.5,8.015992224216461,129.01599222421646,0.75,18.859202003479012,139.85920200347903,0.9
2019-10-03,109,104.0,13,-19.650882244110107,84.34911775588989,0.1,-11.607706606388092,92.39229339361191,0.25,-2.4449621438980103,101.55503785610199,0.5,7.376676142215729,111.37667614221573,0.75,17.0957262992859,121.0957262992859,0.9
2019-10-04,103,107.0,11,-18.375092220306396,88.6249077796936,0.1,-10.648411870002747,96.35158812999725,0.25,-2.237740159034729,104.76225984096527,0.5,6.794554889202118,113.79455488920212,0.75,15.891027259826672,122.89102725982667,0.9
2019-10-05,18,25.0,4,-10.063748264312744,14.936251735687256,0.1,-5.414393484592438,19.585606515407562,0.25,-1.060313105583191,23.93968689441681,0.5,3.5433034896850586,28.54330348968506,0.75,9.585865521430973,34.585865521430975,0.9
2019-10-06,47,42.0,8,-14.926307153701782,27.07369284629822,0.1,-8.590585887432098,33.4094141125679,0.25,-1.760233759880066,40.239766240119934,0.5,5.69511353969574,47.69511353969574,0.75,13.856395268440261,55.85639526844026,0.9
2019-10-07,149,138.0,17,-23.05719585418701,114.94280414581299,0.1,-13.825527787208557,124.17447221279144,0.25,-3.2627962827682495,134.73720371723175,0.5,8.223180949687958,146.22318094968796,0.75,19.560921478271485,157.5609214782715,0.9
2019-10-08,111,122.0,15,-21.72992606163025,100.27007393836975,0.1,-12.908822298049927,109.09117770195007,0.25,-2.9061450958251953,119.0938549041748,0.5,7.9590272307395935,129.9590272307396,0.75,18.581864881515514,140.58186488151551,0.9
2019-10-09,96,112.0,13,-19.8931423664093,92.10685763359069,0.1,-11.7277592420578,100.2722407579422,0.25,-2.7363098859786987,109.2636901140213,0.5,7.333647966384888,119.33364796638489,0.75,17.21318497657776,129.21318497657776,0.9
2019-10-10,110,118.0,15,-21.6977499961853,96.30225000381469,0.1,-12.788106203079224,105.21189379692078,0.25,-2.742189645767212,115.25781035423279,0.5,7.989774286746979,125.98977428674698,0.75,18.89165682792664,136.89165682792662,0.9
2019-10-11,97,118.0,14,-20.849163508415224,97.15083649158478,0.1,-12.384813129901886,105.61518687009811,0.25,-2.753616213798523,115.24638378620148,0.5,7.529477894306183,125.52947789430618,0.75,17.151241564750684,135.15124156475068,0.9
2019-10-12,26,32.0,4,-9.945751357078551,22.05424864292145,0.1,-5.4460365772247314,26.55396342277527,0.25,-1.201677918434143,30.798322081565857,0.5,3.5022104382514954,35.502210438251495,0.75,9.149722266197218,41.149722266197216,0.9
2019-10-13,24,38.0,7,-13.806287169456482,24.193712830543518,0.1,-7.891459345817566,30.108540654182434,0.25,-1.6573917865753174,36.34260821342468,0.5,5.091451644897461,43.09145164489746,0.75,12.55676164627077,50.55676164627077,0.9
2019-10-14,170,160.0,22,-27.352179312705992,132.647820687294,0.1,-15.879772901535034,144.12022709846497,0.25,-3.670343041419983,156.32965695858002,0.5,9.283834993839264,169.28383499383926,0.75,21.721800684928898,181.7218006849289,0.9
2019-10-15,133,137.0,19,-24.546244955062868,112.45375504493714,0.1,-14.556433498859406,122.4435665011406,0.25,-3.3578089475631714,133.64219105243683,0.5,8.930017352104187,145.9300173521042,0.75,20.872817635536205,157.8728176355362,0.9
2019-10-16,107,97.0,11,-17.89830446243286,79.10169553756714,0.1,-10.429390609264374,86.57060939073563,0.25,-2.1500794887542725,94.84992051124573,0.5,6.916309833526611,103.91630983352661,0.75,16.03875017166138,113.03875017166138,0.9
2019-10-17,143,133.0,19,-25.05537292957306,107.94462707042695,0.1,-14.775843679904938,118.22415632009506,0.25,-3.2953284978866577,129.70467150211334,0.5,8.521045207977295,141.5210452079773,0.75,20.218833303451543,153.21883330345153,0.9
2019-10-18,93,125.0,16,-22.56602942943573,102.43397057056427,0.1,-13.234394609928131,111.76560539007187,0.25,-2.8480535745620728,122.15194642543793,0.5,8.086333155632019,133.08633315563202,0.75,19.32638523578644,144.32638523578643,0.9
2019-10-19,50,58.0,10,-17.148170471191406,40.851829528808594,0.1,-9.84852284193039,48.15147715806961,0.25,-2.1767507791519165,55.82324922084808,0.5,6.344633638858795,64.3446336388588,0.75,14.977165007591259,72.97716500759125,0.9
2019-10-20,31,36.0,8,-15.115164780616759,20.88483521938324,0.1,-8.512375950813293,27.487624049186707,0.25,-1.821002721786499,34.1789972782135,0.5,5.619479417800903,41.6194794178009,0.75,13.623728346824667,49.62372834682466,0.9
2019-10-21,139,133.0,16,-22.501175785064696,110.4988242149353,0.1,-13.505023539066315,119.49497646093369,0.25,-3.063018560409546,129.93698143959045,0.5,7.859298229217529,140.85929822921753,0.75,18.837079501152044,151.83707950115203,0.9
2019-10-22,119,121.0,14,-20.93104848861694,100.06895151138306,0.1,-12.315866827964783,108.68413317203522,0.25,-2.80172598361969,118.19827401638031,0.5,7.489050030708313,128.4890500307083,0.75,17.976248574256896,138.97624857425689,0.9
2019-10-23,110,111.0,15,-21.51806421279907,89.48193578720092,0.1,-12.500462532043457,98.49953746795654,0.25,-2.7591447830200195,108.24085521697998,0.5,7.758137762546539,118.75813776254654,0.75,18.285427522659305,129.2854275226593,0.9
2019-10-24,71,97.0,11,-17.889373183250427,79.11062681674957,0.1,-10.383629500865936,86.61637049913406,0.25,-2.133896589279175,94.86610341072083,0.5,6.757955014705658,103.75795501470566,0.75,15.878465890884414,112.87846589088441,0.9
2019-10-25,102,122.0,15,-21.595160698890687,100.40483930110932,0.1,-12.665926396846771,109.33407360315323,0.25,-2.79754900932312,119.20245099067688,0.5,7.867491126060486,129.8674911260605,0.75,18.72383925914765,140.72383925914764,0.9
2019-10-26,30,32.0,6,-12.79763617515564,19.20236382484436,0.1,-7.066071331501007,24.933928668498993,0.25,-1.4871420860290527,30.512857913970947,0.5,4.673934698104858,36.67393469810486,0.75,11.741380786895757,43.74138078689576,0.9
2019-10-27,18,33.0,7,-14.142437052726745,18.857562947273255,0.1,-7.904985129833221,25.09501487016678,0.25,-1.6465203762054443,31.353479623794556,0.5,5.304732024669647,38.30473202466965,0.75,12.867013144493104,45.8670131444931,0.9
2019-10-28,123,129.0,14,-20.927217578887937,108.07278242111207,0.1,-12.29851508140564,116.70148491859436,0.25,-2.717293858528137,126.28270614147186,0.5,7.538228511810303,136.5382285118103,0.75,17.869062066078186,146.8690620660782,0.9
2019-10-29,129,135.0,18,-24.126875853538515,110.87312414646149,0.1,-14.257635176181793,120.7423648238182,0.25,-2.9989413022994995,132.0010586977005,0.5,8.588414192199707,143.5884141921997,0.75,20.27034537792206,155.27034537792207,0.9
2019-10-30,87,107.0,11,-18.00680410861969,88.99319589138031,0.1,-10.558490574359894,96.4415094256401,0.25,-2.123610019683838,104.87638998031616,0.5,6.730352997779846,113.73035299777985,0.75,16.04667546749119,123.04667546749118,0.9
2019-10-31,80,95.0,10,-16.96078188419342,78.03921811580658,0.1,-9.922696650028229,85.07730334997177,0.25,-2.2354012727737427,92.76459872722626,0.5,6.297342598438263,101.29734259843826,0.75,15.150877523422261,110.15087752342227,0.9
2019-11-01,150,119.0,14,-21.169870853424072,97.83012914657593,0.1,-12.269091784954071,106.73090821504593,0.25,-2.873080611228943,116.12691938877106,0.5,7.357401251792908,126.35740125179291,0.75,17.860367536544825,136.86036753654483,0.9
2019-11-02,16,17.0,2,-6.471632170677185,10.528367829322814,0.1,-3.328108549118042,13.671891450881958,0.25,-0.6683763265609741,16.331623673439026,0.5,2.224036693572998,19.224036693572998,0.75,6.21111540794373,23.21111540794373,0.9
2019-11-03,29,24.0,4,-9.8506591796875,14.1493408203125,0.1,-5.322965919971466,18.677034080028534,0.25,-0.9901587963104248,23.009841203689575,0.5,3.6841134428977966,27.684113442897797,0.75,9.615188956260685,33.61518895626068,0.9
2019-11-04,122,136.0,16,-22.350882959365844,113.64911704063415,0.1,-13.046684861183167,122.95331513881683,0.25,-3.133803606033325,132.86619639396667,0.5,7.9849119782447815,143.98491197824478,0.75,19.06967356204988,155.06967356204987,0.9
2019-11-05,129,122.0,15,-21.655415725708007,100.34458427429199,0.1,-12.826864540576935,109.17313545942307,0.25,-2.8299816846847534,119.17001831531525,0.5,7.953620791435242,129.95362079143524,0.75,17.972978925704965,139.97297892570498,0.9
2019-11-06,146,109.0,15,-21.80473961830139,87.1952603816986,0.1,-12.665233373641968,96.33476662635803,0.25,-2.7678977251052856,106.23210227489471,0.5,8.0504469871521,117.0504469871521,0.75,18.637115502357513,127.63711550235752,0.9
2019-11-07,125,113.0,13,-19.690996217727662,93.30900378227234,0.1,-11.69356083869934,101.30643916130066,0.25,-2.6420958042144775,110.35790419578552,0.5,6.9452208280563354,119.94522082805634,0.75,16.868124127388004,129.868124127388,0.9
2019-11-08,121,123.0,15,-21.563211965560914,101.43678803443909,0.1,-12.511220514774323,110.48877948522568,0.25,-2.5025449991226196,120.49745500087738,0.5,8.10473096370697,131.10473096370697,0.75,18.56879856586457,141.56879856586457,0.9
2019-11-09,36,40.0,5,-11.416148567199707,28.583851432800294,0.1,-6.2515130043029785,33.74848699569702,0.25,-1.1962791681289673,38.80372083187103,0.5,4.326731443405151,44.32673144340515,0.75,11.057626247406008,51.057626247406006,0.9
2019-11-10,38,36.0,6,-12.753800630569458,23.246199369430542,0.1,-7.043031454086304,28.956968545913696,0.25,-1.426352858543396,34.573647141456604,0.5,4.778322637081146,40.778322637081146,0.75,11.651814770698556,47.65181477069856,0.9
2019-11-11,108,124.0,13,-19.828254079818727,104.17174592018128,0.1,-11.607600212097168,112.39239978790283,0.25,-2.4513906240463257,121.54860937595367,0.5,7.266832113265991,131.266832113266,0.75,17.565048432350167,141.56504843235018,0.9
2019-11-12,110,112.0,12,-18.840629863739014,93.15937013626099,0.1,-10.792790651321411,101.20720934867859,0.25,-2.317575454711914,109.68242454528809,0.5,7.06016331911087,119.06016331911087,0.75,16.7880914926529,128.7880914926529,0.9
2019-11-13,153,131.0,18,-23.939681720733642,107.06031827926635,0.1,-14.173327267169952,116.82667273283005,0.25,-3.314311981201172,127.68568801879883,0.5,8.454123318195343,139.45412331819534,0.75,20.002312731742876,151.00231273174288,0.9
2019-11-14,98,111.0,15,-21.588510513305664,89.41148948669434,0.1,-12.72226345539093,98.27773654460907,0.25,-3.0342319011688232,107.96576809883118,0.5,7.7284970581531525,118.72849705815315,0.75,18.387914013862645,129.38791401386266,0.9
2019-11-15,138,119.0,14,-21.000036454200742,97.99996354579926,0.1,-12.508163452148438,106.49183654785156,0.25,-2.711829662322998,116.288170337677,0.5,7.787148952484131,126.78714895248413,0.75,18.062885761261008,137.06288576126101,0.9
2019-11-16,35,39.0,7,-14.130755305290222,24.869244694709778,0.1,-7.960017263889313,31.039982736110687,0.25,-1.635321021080017,37.36467897891998,0.5,5.213672041893005,44.213672041893005,0.75,12.542998814582829,51.54299881458283,0.9
2019-11-17,32,41.0,8,-15.140247511863707,25.859752488136294,0.1,-8.59933876991272,32.40066123008728,0.25,-1.759398341178894,39.240601658821106,0.5,5.767583072185516,46.767583072185516,0.75,13.7381583929062,54.7381583929062,0.9
2019-11-18,128,131.0,15,-21.647957730293275,109.35204226970673,0.1,-12.542901337146759,118.45709866285324,0.25,-2.7161123752593994,128.2838876247406,0.5,8.205397248268127,139.20539724826813,0.75,18.50789432525635,149.50789432525636,0.9
2019-11-19,95,135.0,19,-24.529843497276307,110.4701565027237,0.1,-14.675858318805695,120.3241416811943,0.25,-3.363219380378723,131.63678061962128,0.5,8.712022006511688,143.7120220065117,0.75,20.55129392147066,155.55129392147066,0.9
2019-11-20,134,115.0,14,-20.799590611457823,94.20040938854217,0.1,-12.226068675518036,102.77393132448196,0.25,-2.6144713163375854,112.38552868366241,0.5,7.481878399848938,122.48187839984894,0.75,17.977719593048104,132.9777195930481,0.9
2019-11-21,103,116.0,13,-19.822625350952148,96.17737464904785,0.1,-11.697490632534027,104.30250936746597,0.25,-2.5926324129104614,113.40736758708954,0.5,7.077640235424042,123.07764023542404,0.75,16.9144743680954,132.9144743680954,0.9
2019-11-22,140,129.0,16,-22.3137149810791,106.6862850189209,0.1,-12.970850944519043,116.02914905548096,0.25,-2.842388153076172,126.15761184692383,0.5,8.194126665592194,137.1941266655922,0.75,19.31531865596772,148.31531865596773,0.9
2019-11-23,20,30.0,3,-8.390702939033508,21.60929706096649,0.1,-4.431516528129578,25.568483471870422,0.25,-0.8277220726013184,29.17227792739868,0.5,3.0675063729286194,33.06750637292862,0.75,8.089988160133363,38.08998816013336,0.9
2019-11-24,17,41.0,7,-13.963554573059081,27.03644542694092,0.1,-7.983351826667786,33.016648173332214,0.25,-1.7396150827407837,39.260384917259216,0.5,5.225460052490234,46.225460052490234,0.75,12.827293276786806,53.827293276786804,0.9
2019-11-25,121,143.0,18,-23.800290036201478,119.19970996379853,0.1,-14.200336873531342,128.79966312646866,0.25,-3.003678321838379,139.99632167816162,0.5,8.542905986309052,151.54290598630905,0.75,19.9274329662323,162.9274329662323,0.9
2019-11-26,127,126.0,16,-22.50421838760376,103.49578161239624,0.1,-13.128622710704803,112.8713772892952,0.25,-2.9614821672439575,123.03851783275604,0.5,7.950942546129227,133.95094254612923,0.75,18.70148849487308,144.70148849487308,0.9
2019-11-27,124,124.0,16,-22.424582171440125,101.57541782855988,0.1,-13.210238099098206,110.7897619009018,0.25,-2.887984037399292,121.11201596260071,0.5,8.112805843353271,132.11280584335327,0.75,19.360091209411642,143.36009120941165,0.9
2019-11-28,104,127.0,16,-22.440719223022462,104.55928077697754,0.1,-13.374669194221497,113.6253308057785,0.25,-2.829189896583557,124.17081010341644,0.5,8.02016943693161,135.0201694369316,0.75,18.797937607765206,145.79793760776522,0.9
2019-11-29,139,130.0,17,-23.47705433368683,106.52294566631318,0.1,-13.988885223865509,116.01111477613449,0.25,-3.118546724319458,126.88145327568054,0.5,8.185225665569305,138.1852256655693,0.75,19.29013521671296,149.29013521671297,0.9
2019-11-30,35,36.0,5,-11.250232982635499,24.7497670173645,0.1,-6.182378172874451,29.81762182712555,0.25,-1.1887165307998657,34.811283469200134,0.5,4.352415680885315,40.352415680885315,0.75,10.787919712066653,46.78791971206665,0.9
2019-12-01,31,43.0,8,-14.882571148872374,28.117428851127627,0.1,-8.57630342245102,34.42369657754898,0.25,-1.7074350118637085,41.29256498813629,0.5,5.809677481651306,48.809677481651306,0.75,13.543587803840644,56.543587803840644,0.9
2019-12-02,158,138.0,17,-23.457299304008483,114.54270069599151,0.1,-13.804019153118134,124.19598084688187,0.25,-3.061470150947571,134.93852984905243,0.5,8.081440091133118,146.08144009113312,0.75,19.14283792972566,157.14283792972566,0.9
2019-12-03,147,137.0,19,-24.760267043113707,112.23973295688629,0.1,-14.439477682113647,122.56052231788635,0.25,-3.108515501022339,133.89148449897766,0.5,8.958727896213531,145.95872789621353,0.75,20.557294583320623,157.5572945833206,0.9
2019-12-04,106,103.0,13,-19.667434573173523,83.33256542682648,0.1,-11.515429973602295,91.4845700263977,0.25,-2.424341320991516,100.57565867900848,0.5,7.255556702613831,110.25555670261383,0.75,17.35374894142152,120.35374894142151,0.9
2019-12-05,159,119.0,15,-21.34394235610962,97.65605764389038,0.1,-12.53119283914566,106.46880716085434,0.25,-2.614601254463196,116.3853987455368,0.5,7.960809230804443,126.96080923080444,0.75,18.47082455158238,137.47082455158238,0.9
2019-12-06,17,35.0,6,-12.58462414741516,22.415375852584837,0.1,-7.054095089435577,27.945904910564423,0.25,-1.3408143520355225,33.65918564796448,0.5,4.909081935882568,39.90908193588257,0.75,11.893421030044557,46.89342103004456,0.9
2019-12-07,39,38.0,6,-12.666154193878173,25.33384580612183,0.1,-7.162441730499268,30.837558269500732,0.25,-1.4081438779830933,36.59185612201691,0.5,4.784507513046265,42.784507513046265,0.75,11.992558550834662,49.99255855083466,0.9
2019-12-08,53,48.0,8,-15.13069381713867,32.86930618286133,0.1,-8.600399374961853,39.39960062503815,0.25,-1.861215591430664,46.138784408569336,0.5,5.569401860237122,53.56940186023712,0.75,13.509056949615495,61.5090569496155,0.9
2019-12-09,149,135.0,15,-21.680093932151795,113.31990606784821,0.1,-12.668697953224182,122.33130204677582,0.25,-2.8039313554763794,132.19606864452362,0.5,7.756430447101593,142.7564304471016,0.75,18.769777607917792,153.7697776079178,0.9
2019-12-10,153,128.0,16,-22.372867465019226,105.62713253498077,0.1,-13.331145465373993,114.668854534626,0.25,-3.1887362003326416,124.81126379966736,0.5,8.02080237865448,136.02080237865448,0.75,19.02256076335908,147.02256076335908,0.9
2019-12-11,110,102.0,12,-18.90143308639526,83.09856691360474,0.1,-11.168844282627106,90.8311557173729,0.25,-2.4463130235671997,99.5536869764328,0.5,6.8986926674842834,108.89869266748428,0.75,16.658706474304203,118.65870647430421,0.9
2019-12-12,124,119.0,15,-21.528481364250183,97.47151863574982,0.1,-12.71634441614151,106.28365558385849,0.25,-2.6329344511032104,116.36706554889679,0.5,7.7761735916137695,126.77617359161377,0.75,18.267074441909802,137.2670744419098,0.9
2019-12-13,116,125.0,16,-22.390176606178283,102.60982339382171,0.1,-13.012778282165527,111.98722171783447,0.25,-2.8438782691955566,122.15612173080444,0.5,7.995810866355896,132.9958108663559,0.75,18.96831240653994,143.96831240653995,0.9
2019-12-14,42,50.0,6,-12.629145288467408,37.370854711532594,0.1,-7.190194070339203,42.8098059296608,0.25,-1.5024982690811157,48.497501730918884,0.5,4.686533033847809,54.68653303384781,0.75,11.651542401313783,61.65154240131378,0.9
2019-12-15,43,56.0,11,-17.967421555519103,38.0325784444809,0.1,-10.478574752807617,45.52142524719238,0.25,-2.3014655113220215,53.69853448867798,0.5,6.640703618526459,62.64070361852646,0.75,15.331470656394961,71.33147065639496,0.9
2019-12-16,123,139.0,16,-22.538856315612794,116.46114368438721,0.1,-13.212592422962189,125.78740757703781,0.25,-2.9378350973129272,136.06216490268707,0.5,8.225001096725464,147.22500109672546,0.75,19.245432019233725,158.24543201923373,0.9
2019-12-17,103,115.0,13,-19.614011931419373,95.38598806858063,0.1,-11.41170746088028,103.58829253911972,0.25,-2.313068389892578,112.68693161010742,0.5,7.654532492160797,122.6545324921608,0.75,17.35421926975251,132.35421926975252,0.9
2019-12-18,118,129.0,17,-23.239722537994382,105.76027746200562,0.1,-13.726532459259033,115.27346754074097,0.25,-3.0188324451446533,125.98116755485535,0.5,8.167426466941833,137.16742646694183,0.75,19.119888353347783,148.1198883533478,0.9
2019-12-19,121,111.0,15,-21.566143226623534,89.43385677337646,0.1,-12.66766905784607,98.33233094215393,0.25,-2.8674381971359253,108.13256180286407,0.5,7.580095052719116,118.58009505271912,0.75,18.05284292697908,129.05284292697908,0.9
2019-12-20,90,96.0,10,-16.93895196914673,79.06104803085327,0.1,-9.674441933631897,86.3255580663681,0.25,-2.041743755340576,93.95825624465942,0.5,6.4091774225234985,102.4091774225235,0.75,15.345075535774237,111.34507553577424,0.9
2019-12-21,46,56.0,9,-15.892319798469543,40.10768020153046,0.1,-9.161133766174316,46.838866233825684,0.25,-1.8341403007507324,54.16585969924927,0.5,6.23055100440979,62.23055100440979,0.75,14.706938648223888,70.70693864822388,0.9
2019-12-22,49,59.0,13,-19.534690976142883,39.46530902385712,0.1,-11.634577333927155,47.365422666072845,0.25,-2.5463534593582153,56.453646540641785,0.5,7.180678963661194,66.1806789636612,0.75,16.691709780693067,75.69170978069306,0.9
2019-12-23,163,138.0,16,-22.273392653465272,115.72660734653473,0.1,-13.459601879119873,124.54039812088013,0.25,-2.9025357961654663,135.09746420383453,0.5,7.827819645404816,145.82781964540482,0.75,18.72776143550873,156.72776143550874,0.9
2019-12-24,28,47.0,6,-12.581829261779784,34.41817073822021,0.1,-7.146544396877289,39.85345560312271,0.25,-1.432277798652649,45.56772220134735,0.5,4.9436198472976685,51.94361984729767,0.75,11.994891142845159,58.99489114284516,0.9
2019-12-25,104,80.0,9,-16.142205953598022,63.85779404640198,0.1,-9.360767245292664,70.63923275470734,0.25,-1.9590212106704712,78.04097878932953,0.5,6.201723694801331,86.20172369480133,0.75,14.639594459533713,94.63959445953371,0.9
2019-12-26,52,68.0,10,-17.03503680229187,50.96496319770813,0.1,-9.880801439285278,58.11919856071472,0.25,-2.0987552404403687,65.90124475955963,0.5,6.194316923618317,74.19431692361832,0.75,15.056196117401141,83.05619611740114,0.9
2019-12-27,142,128.0,16,-22.577564287185666,105.42243571281433,0.1,-13.399618327617645,114.60038167238235,0.25,-3.2780476808547974,124.7219523191452,0.5,7.584322571754456,135.58432257175446,0.75,18.714604806900027,146.7146048069,0.9
2019-12-28,64,60.0,10,-17.3022109746933,42.697789025306705,0.1,-10.122594058513641,49.87740594148636,0.25,-2.075005054473877,57.92499494552612,0.5,6.479890763759613,66.47989076375961,0.75,15.320614147186312,75.32061414718632,0.9
2019-12-29,70,57.0,12,-18.76984965801239,38.23015034198761,0.1,-10.974882304668427,46.02511769533157,0.25,-2.0795098543167114,54.92049014568329,0.5,7.052755951881409,64.05275595188141,0.75,16.722001171112066,73.72200117111207,0.9
2019-12-30,131,145.0,18,-23.803296208381653,121.19670379161835,0.1,-14.000046849250793,130.9999531507492,0.25,-3.217840552330017,141.78215944766998,0.5,8.337328255176544,153.33732825517654,0.75,20.04245626926422,165.04245626926422,0.9
2019-12-31,111,117.0,13,-19.782485127449036,97.21751487255096,0.1,-11.54934161901474,105.45065838098526,0.25,-2.4273136854171753,114.57268631458282,0.5,7.410786151885986,124.41078615188599,0.75,17.715752601623542,134.71575260162354,0.9
2020-01-01,49,62.0,10,-17.18444511890411,44.81555488109589,0.1,-10.080522656440735,51.919477343559265,0.25,-2.135730266571045,59.864269733428955,0.5,6.254535913467407,68.25453591346741,0.75,14.951337504386917,76.95133750438691,0.9
2020-01-02,108,106.0,14,-20.85722372531891,85.1427762746811,0.1,-12.099128246307373,93.90087175369263,0.25,-2.5631731748580933,103.4368268251419,0.5,7.647023677825928,113.64702367782593,0.75,17.802598333358766,123.80259833335876,0.9
2020-01-03,133,133.0,18,-23.85792052745819,109.14207947254181,0.1,-14.07486230134964,118.92513769865036,0.25,-3.3243802785873413,129.67561972141266,0.5,8.628375709056854,141.62837570905685,0.75,20.35505328178407,153.35505328178408,0.9
2020-01-04,52,61.0,8,-14.988609766960144,46.011390233039855,0.1,-8.544808089733124,52.455191910266876,0.25,-1.6827349662780762,59.317265033721924,0.5,5.797492444515228,66.79749244451523,0.75,13.599878430366516,74.59987843036652,0.9
2020-01-05,81,66.0,12,-18.931424617767334,47.068575382232666,0.1,-10.96373450756073,55.03626549243927,0.25,-2.2667614221572876,63.73323857784271,0.5,7.079913973808289,73.07991397380829,0.75,16.927365112304713,82.92736511230471,0.9
2020-01-06,51,59.0,9,-16.093116331100465,42.90688366889954,0.1,-9.182373523712158,49.81762647628784,0.25,-1.914779782295227,57.08522021770477,0.5,6.082973659038544,65.08297365903854,0.75,14.46635313034058,73.46635313034058,0.9
2020-01-07,114,119.0,14,-20.59803478717804,98.40196521282196,0.1,-12.27320909500122,106.72679090499878,0.25,-2.9166024923324585,116.08339750766754,0.5,7.322640240192413,126.32264024019241,0.75,18.01417148113252,137.0141714811325,0.9
2020-01-08,156,136.0,19,-24.66630537509918,111.33369462490082,0.1,-14.591014206409454,121.40898579359055,0.25,-2.992356300354004,133.007643699646,0.5,8.945324003696442,144.94532400369644,0.75,20.983363342285163,156.98336334228517,0.9
2020-01-09,119,126.0,16,-22.505564761161803,103.4944352388382,0.1,-13.445809841156006,112.554190158844,0.25,-3.045499563217163,122.95450043678284,0.5,7.827377617359161,133.82737761735916,0.75,18.867516636848467,144.86751663684848,0.9
2020-01-10,97,104.0,13,-19.80317256450653,84.19682743549347,0.1,-11.649387836456299,92.3506121635437,0.25,-2.4615478515625,101.5384521484375,0.5,7.365867018699646,111.36586701869965,0.75,17.581626129150393,121.5816261291504,0.9
2020-01-11,26,37.0,5,-11.395881938934325,25.604118061065677,0.1,-6.283392369747162,30.716607630252838,0.25,-1.2563984394073486,35.74360156059265,0.5,4.181737124919891,41.18173712491989,0.75,10.54847686290741,47.54847686290741,0.9
2020-01-12,33,43.0,7,-13.66325261592865,29.33674738407135,0.1,-7.7888476848602295,35.21115231513977,0.25,-1.5771363973617554,41.422863602638245,0.5,5.3294398188591,48.3294398188591,0.75,12.953452277183557,55.95345227718356,0.9
2020-01-13,120,135.0,15,-21.66337914466858,113.33662085533142,0.1,-12.72151905298233,122.27848094701767,0.25,-2.807862401008606,132.1921375989914,0.5,7.633973717689514,142.6339737176895,0.75,18.242282199859623,153.24228219985963,0.9
2020-01-14,134,134.0,17,-22.949105429649354,111.05089457035065,0.1,-13.712141752243042,120.28785824775696,0.25,-3.128005623817444,130.87199437618256,0.5,8.47447544336319,142.4744754433632,0.75,19.844732570648212,153.8447325706482,0.9
2020-01-15,144,127.0,17,-23.077336692810057,103.92266330718994,0.1,-13.524217545986176,113.47578245401382,0.25,-2.8568273782730103,124.14317262172699,0.5,8.567092299461365,135.56709229946136,0.75,19.822898292541506,146.8228982925415,0.9
2020-01-16,114,115.0,14,-20.7473952293396,94.2526047706604,0.1,-12.201029777526855,102.79897022247314,0.25,-2.923176407814026,112.07682359218597,0.5,7.410319268703461,122.41031926870346,0.75,17.746782517433168,132.74678251743316,0.9
2020-01-17,85,110.0,12,-18.998765468597412,91.00123453140259,0.1,-11.042198181152344,98.95780181884766,0.25,-2.4093587398529053,107.5906412601471,0.5,6.822909414768219,116.82290941476822,0.75,16.317475152015692,126.31747515201569,0.9
2020-01-18,37,45.0,6,-12.599451231956483,32.40054876804352,0.1,-7.090984642505646,37.909015357494354,0.25,-1.4197139739990234,43.58028602600098,0.5,4.897589266300201,49.8975892663002,0.75,12.020251989364631,57.02025198936463,0.9
2020-01-19,29,37.0,6,-12.473780989646912,24.52621901035309,0.1,-7.008929967880249,29.99107003211975,0.25,-1.3465290069580078,35.65347099304199,0.5,4.818551123142242,41.81855112314224,0.75,12.090707564353949,49.09070756435395,0.9
2020-01-20,129,133.0,16,-22.3693719625473,110.6306280374527,0.1,-13.28796923160553,119.71203076839447,0.25,-2.8898783922195435,130.11012160778046,0.5,8.172366917133331,141.17236691713333,0.75,19.17209200859071,152.1720920085907,0.9
2020-01-21,126,135.0,19,-24.646628713607786,110.35337128639222,0.1,-14.709455966949463,120.29054403305054,0.25,-3.329499125480652,131.67050087451935,0.5,8.323076963424683,143.32307696342468,0.75,20.28276927471164,155.28276927471165,0.9
2020-01-22,122,127.0,17,-23.486894822120668,103.51310517787934,0.1,-13.981490314006805,113.0185096859932,0.25,-3.111891508102417,123.88810849189758,0.5,8.289512991905212,135.2895129919052,0.75,19.50692639350895,146.50692639350896,0.9
2020-01-23,92,120.0,15,-21.68452682495117,98.31547317504882,0.1,-12.688557744026184,107.31144225597382,0.25,-2.792541265487671,117.20745873451233,0.5,7.786648690700531,127.78664869070053,0.75,18.608209538459803,138.6082095384598,0.9
2020-01-24,111,116.0,13,-19.71758849620819,96.2824115037918,0.1,-11.562163054943085,104.43783694505692,0.25,-2.439241409301758,113.56075859069824,0.5,7.170829713344574,123.17082971334457,0.75,17.417731904983523,133.41773190498353,0.9
2020-01-25,43,39.0,6,-12.519343614578247,26.480656385421753,0.1,-7.0070565938949585,31.99294340610504,0.25,-1.322241187095642,37.67775881290436,0.5,4.942980408668518,43.94298040866852,0.75,11.903750467300457,50.903750467300455,0.9
2020-01-26,49,54.0,11,-18.05130624771118,35.94869375228882,0.1,-10.543746531009674,43.456253468990326,0.25,-2.376132369041443,51.62386763095856,0.5,6.814891219139099,60.8148912191391,0.75,15.973669052124023,69.97366905212402,0.9
2020-01-27,145,146.0,17,-23.16574878692627,122.83425121307373,0.1,-13.565632820129395,132.4343671798706,0.25,-3.120456576347351,142.87954342365265,0.5,8.354868412017822,154.35486841201782,0.75,19.57177197933201,165.571771979332,0.9
2020-01-28,111,123.0,15,-21.887003159523008,101.112996840477,0.1,-12.763156205415726,110.23684379458427,0.25,-2.8970974683761597,120.10290253162384,0.5,7.806979298591614,130.8069792985916,0.75,18.73361785411835,141.73361785411834,0.9
2020-01-29,144,135.0,18,-23.85524606704712,111.14475393295288,0.1,-14.243644416332245,120.75635558366776,0.25,-3.3435219526290894,131.6564780473709,0.5,8.20027244091034,143.20027244091034,0.75,19.990561532974258,154.99056153297425,0.9
2020-01-30,104,115.0,16,-22.50212697982788,92.49787302017212,0.1,-13.036167740821838,101.96383225917816,0.25,-2.530133366584778,112.46986663341522,0.5,8.09497082233429,123.09497082233429,0.75,18.89316234588626,133.89316234588625,0.9
2020-01-31,105,128.0,16,-22.185854411125185,105.81414558887482,0.1,-13.032451748847961,114.96754825115204,0.25,-2.8563478589057922,125.14365214109421,0.5,7.798265099525452,135.79826509952545,0.75,18.461590361595174,146.46159036159517,0.9
2020-02-01,39,44.0,6,-12.622061729431152,31.377938270568848,0.1,-7.187091588973999,36.812908411026,0.25,-1.5635693073272705,42.43643069267273,0.5,4.7185394167900085,48.71853941679001,0.75,11.776213335990915,55.77621333599092,0.9
2020-02-02,46,64.0,12,-19.029836463928223,44.97016353607178,0.1,-11.215371549129486,52.784628450870514,0.25,-2.502653956413269,61.49734604358673,0.5,6.988789141178131,70.98878914117813,0.75,16.524657940864568,80.52465794086457,0.9
2020-02-03,153,145.0,19,-24.759813332557677,120.24018666744232,0.1,-14.744289755821228,130.25571024417877,0.25,-3.384156107902527,141.61584389209747,0.5,8.836057484149933,153.83605748414993,0.75,20.589269614219674,165.5892696142197,0.9
2020-02-04,126,135.0,19,-24.524902606010436,110.47509739398956,0.1,-14.608847737312317,120.39115226268768,0.25,-3.4809173345565796,131.51908266544342,0.5,8.886286973953247,143.88628697395325,0.75,20.50525388717652,155.5052538871765,0.9
2020-02-05,142,122.0,16,-22.217874240875243,99.78212575912475,0.1,-13.173227906227112,108.82677209377289,0.25,-2.897417187690735,119.10258281230927,0.5,8.088301837444305,130.0883018374443,0.75,18.89951736927033,140.89951736927034,0.9
2020-02-06,99,123.0,17,-22.96213834285736,100.03786165714264,0.1,-13.4926056265831,109.5073943734169,0.25,-2.9435372352600098,120.05646276473999,0.5,8.408775687217712,131.4087756872177,0.75,19.48722457885743,142.48722457885742,0.9
2020-02-07,132,129.0,17,-23.007553505897523,105.99244649410248,0.1,-13.497988641262054,115.50201135873795,0.25,-3.083023190498352,125.91697680950165,0.5,8.066169559955597,137.0661695599556,0.75,19.213770031929084,148.21377003192907,0.9
2020-02-08,49,48.0,7,-13.914190745353698,34.0858092546463,0.1,-7.802010357379913,40.19798964262009,0.25,-1.582027554512024,46.417972445487976,0.5,5.265143513679504,53.265143513679504,0.75,12.758141803741465,60.758141803741466,0.9
2020-02-09,36,27.0,5,-11.384747314453124,15.615252685546876,0.1,-6.278757333755493,20.721242666244507,0.25,-1.211517572402954,25.788482427597046,0.5,4.1485008001327515,31.14850080013275,0.75,10.727972102165223,37.727972102165225,0.9
2020-02-10,119,122.0,11,-18.225375723838805,103.77462427616119,0.1,-10.533244132995605,111.4667558670044,0.25,-2.185544967651367,119.81445503234863,0.5,6.813357293605804,128.8133572936058,0.75,15.905029773712165,137.90502977371216,0.9
2020-02-11,79,122.0,15,-21.58606376647949,100.4139362335205,0.1,-12.726346909999847,109.27365309000015,0.25,-2.767664670944214,119.23233532905579,0.5,7.8003897070884705,129.80038970708847,0.75,18.65729334354401,140.657293343544,0.9
2020-02-12,143,124.0,16,-22.337215185165405,101.6627848148346,0.1,-13.148584425449371,110.85141557455063,0.25,-2.9177483320236206,121.08225166797638,0.5,7.9346893429756165,131.93468934297562,0.75,18.710464382171658,142.71046438217166,0.9
2020-02-13,132,125.0,16,-22.551659059524535,102.44834094047546,0.1,-13.445039570331573,111.55496042966843,0.25,-2.947444796562195,122.0525552034378,0.5,7.926657855510712,132.9266578555107,0.75,18.999075603485114,143.99907560348512,0.9
2020-02-14,123,115.0,13,-20.02794654369354,94.97205345630645,0.1,-11.805319726467133,103.19468027353287,0.25,-2.551815629005432,112.44818437099457,0.5,7.213004529476166,122.21300452947617,0.75,17.280558323860177,132.2805583238602,0.9
2020-02-15,39,34.0,5,-11.29412908554077,22.70587091445923,0.1,-6.3260581493377686,27.67394185066223,0.25,-1.2709518671035767,32.72904813289642,0.5,4.185311734676361,38.18531173467636,0.75,10.831611585617066,44.83161158561707,0.9
2020-02-16,32,37.0,7,-13.738475131988524,23.261524868011477,0.1,-7.81826514005661,29.18173485994339,0.25,-1.4605034589767456,35.539496541023254,0.5,5.321557998657227,42.32155799865723,0.75,12.949977540969856,49.949977540969854,0.9
2020-02-17,145,132.0,15,-21.17442181110382,110.82557818889617,0.1,-12.50668352842331,119.49331647157669,0.25,-2.742638111114502,129.2573618888855,0.5,7.924170792102814,139.9241707921028,0.75,18.043415641784673,150.04341564178466,0.9
2020-02-18,125,124.0,15,-21.52757806777954,102.47242193222046,0.1,-12.594310700893402,111.4056892991066,0.25,-2.5960700511932373,121.40392994880676,0.5,8.061405599117279,132.06140559911728,0.75,18.813724684715275,142.81372468471528,0.9
2020-02-19,132,114.0,12,-19.140731525421142,94.85926847457885,0.1,-11.042185604572296,102.9578143954277,0.25,-2.5155563354492188,111.48444366455078,0.5,6.777257442474365,120.77725744247437,0.75,16.446780061721814,130.44678006172182,0.9
2020-02-20,105,132.0,19,-24.749643397331237,107.25035660266876,0.1,-14.927238881587982,117.07276111841202,0.25,-3.565673589706421,128.43432641029358,0.5,8.228775680065155,140.22877568006516,0.75,19.824120521545417,151.8241205215454,0.9
2020-02-21,117,118.0,14,-20.827090334892272,97.17290966510772,0.1,-12.177543818950653,105.82245618104935,0.25,-2.4703257083892822,115.52967429161072,0.5,8.039285838603973,126.03928583860397,0.75,18.356172513961795,136.35617251396178,0.9
2020-02-22,47,58.0,8,-14.873196220397949,43.12680377960205,0.1,-8.533546805381775,49.466453194618225,0.25,-1.7403854131698608,56.25961458683014,0.5,5.662411034107208,63.66241103410721,0.75,13.623155999183655,71.62315599918365,0.9
2020-02-23,21,34.0,5,-11.45367248058319,22.54632751941681,0.1,-6.303503751754761,27.69649624824524,0.25,-1.3353508710861206,32.66464912891388,0.5,4.129732728004456,38.129732728004456,0.75,10.576546931266805,44.576546931266805,0.9
2020-02-24,106,121.0,12,-18.83399703502655,102.16600296497344,0.1,-11.031214118003845,109.96878588199615,0.25,-2.374571442604065,118.62542855739594,0.5,6.987965822219849,127.98796582221985,0.75,16.848626112937936,137.84862611293795,0.9
2020-02-25,122,113.0,12,-18.786846709251403,94.2131532907486,0.1,-10.77260810136795,102.22739189863205,0.25,-2.412315607070923,110.58768439292908,0.5,6.967436730861664,119.96743673086166,0.75,16.297986054420477,129.29798605442048,0.9
2020-02-26,120,112.0,15,-21.56763439178467,90.43236560821533,0.1,-12.647490203380585,99.35250979661942,0.25,-2.706060290336609,109.29393970966339,0.5,8.018055379390717,120.01805537939072,0.75,18.531327795982364,130.53132779598235,0.9
2020-02-27,106,118.0,14,-20.92649207115173,97.07350792884827,0.1,-12.42199319601059,105.57800680398941,0.25,-2.8932275772094727,115.10677242279053,0.5,7.4216561913490295,125.42165619134903,0.75,17.831420516967786,135.8314205169678,0.9
2020-02-28,131,113.0,12,-19.199138951301574,93.80086104869842,0.1,-11.223687946796417,101.77631205320358,0.25,-2.446337938308716,110.55366206169128,0.5,7.047270059585571,120.04727005958557,0.75,16.739088535308845,129.73908853530884,0.9
2020-02-29,37,34.0,4,-9.89224977493286,24.10775022506714,0.1,-5.462841868400574,28.537158131599426,0.25,-1.0426702499389648,32.957329750061035,0.5,3.74007910490036,37.74007910490036,0.75,9.503662943840027,43.50366294384003,0.9
